density,samp_size,seed,num_nodes,num_intervs,graph_family,method,metric_type,precision,recall,fscore,ari,runtime_sec,score
0.2,10,0,10,5,er,RePaRe,partition,1.0,1.0,1.0,0.0,0.0041019089985638,
0.2,100,0,10,5,er,RePaRe,partition,1.0,0.8,0.888888888888889,1.0,0.0932348959904629,
0.2,200,0,10,5,er,RePaRe,partition,1.0,1.0,1.0,1.0,0.1115468039934057,
0.2,500,0,10,5,er,RePaRe,partition,1.0,1.0,1.0,1.0,0.1444415230071172,
0.2,1000,0,10,5,er,RePaRe,partition,1.0,1.0,1.0,1.0,0.095391342008952,
0.2,2000,0,10,5,er,RePaRe,partition,1.0,1.0,1.0,1.0,0.1614449149928987,
0.2,5000,0,10,5,er,RePaRe,partition,1.0,1.0,1.0,1.0,0.2125537860265467,
0.2,10000,0,10,5,er,RePaRe,partition,1.0,1.0,1.0,1.0,0.3198561610188335,
0.2,20000,0,10,5,er,RePaRe,partition,1.0,1.0,1.0,1.0,0.5750806750147603,
0.2,50000,0,10,5,er,RePaRe,partition,1.0,1.0,1.0,1.0,1.105920172005426,
0.2,100000,0,10,5,er,RePaRe,partition,1.0,1.0,1.0,1.0,3.3736051750020124,
0.5,10,0,10,5,er,RePaRe,partition,1.0,1.0,1.0,0.0,0.0192799310025293,
0.5,100,0,10,5,er,RePaRe,partition,0.625,0.8333333333333334,0.7142857142857143,0.3859649122807017,0.0460000759921968,
0.5,200,0,10,5,er,RePaRe,partition,1.0,0.8571428571428571,0.923076923076923,0.4874715261958998,0.1969077739922795,
0.5,500,0,10,5,er,RePaRe,partition,0.9230769230769232,0.8571428571428571,0.888888888888889,0.725609756097561,0.2390115800080821,
0.5,1000,0,10,5,er,RePaRe,partition,1.0,1.0,1.0,1.0,0.2622276519832667,
0.5,2000,0,10,5,er,RePaRe,partition,1.0,1.0,1.0,1.0,0.3612211709842086,
0.5,5000,0,10,5,er,RePaRe,partition,1.0,1.0,1.0,1.0,0.4302685169968754,
0.5,10000,0,10,5,er,RePaRe,partition,1.0,1.0,1.0,1.0,0.8445859380008187,
0.5,20000,0,10,5,er,RePaRe,partition,1.0,1.0,1.0,1.0,1.7642760979942975,
0.5,50000,0,10,5,er,RePaRe,partition,1.0,1.0,1.0,1.0,5.507544588006567,
0.5,100000,0,10,5,er,RePaRe,partition,1.0,1.0,1.0,1.0,8.456367054983275,
0.8,10,0,10,5,er,RePaRe,partition,1.0,1.0,1.0,0.0,0.0091205629869364,
0.8,100,0,10,5,er,RePaRe,partition,1.0,1.0,1.0,0.0476190476190476,0.019626661989605,
0.8,200,0,10,5,er,RePaRe,partition,1.0,1.0,1.0,0.1021548284118116,0.0185934000182896,
0.8,500,0,10,5,er,RePaRe,partition,0.7777777777777778,0.875,0.823529411764706,0.1567291311754685,0.1634503609966486,
0.8,1000,0,10,5,er,RePaRe,partition,0.9,1.0,0.9473684210526316,0.2436974789915966,0.145670911995694,
0.8,2000,0,10,5,er,RePaRe,partition,0.8,1.0,0.888888888888889,0.6924829157175398,0.1016502899874467,
0.8,5000,0,10,5,er,RePaRe,partition,0.8,1.0,0.888888888888889,0.6924829157175398,0.2812714029860217,
0.8,10000,0,10,5,er,RePaRe,partition,0.8,1.0,0.888888888888889,0.6924829157175398,0.547901854995871,
0.8,20000,0,10,5,er,RePaRe,partition,0.8,1.0,0.888888888888889,0.6924829157175398,1.19606338700396,
0.8,50000,0,10,5,er,RePaRe,partition,1.0,1.0,1.0,0.6924829157175398,2.373073246999411,
0.8,100000,0,10,5,er,RePaRe,partition,1.0,1.0,1.0,1.0,7.158694341982482,
0.2,10,1,10,5,er,RePaRe,partition,1.0,1.0,1.0,0.0,0.0178265539871063,
0.2,100,1,10,5,er,RePaRe,partition,1.0,1.0,1.0,0.5522388059701493,0.1618890399986412,
0.2,200,1,10,5,er,RePaRe,partition,1.0,1.0,1.0,1.0,0.1280498520063702,
0.2,500,1,10,5,er,RePaRe,partition,1.0,1.0,1.0,1.0,0.1014118030143436,
0.2,1000,1,10,5,er,RePaRe,partition,1.0,1.0,1.0,1.0,0.0562160859990399,
0.2,2000,1,10,5,er,RePaRe,partition,1.0,1.0,1.0,1.0,0.1050004709977656,
0.2,5000,1,10,5,er,RePaRe,partition,1.0,1.0,1.0,1.0,0.2605512200098019,
0.2,10000,1,10,5,er,RePaRe,partition,1.0,1.0,1.0,1.0,0.3010611070203595,
0.2,20000,1,10,5,er,RePaRe,partition,1.0,1.0,1.0,1.0,0.5129818080167752,
0.2,50000,1,10,5,er,RePaRe,partition,1.0,1.0,1.0,1.0,0.9082444439991376,
0.2,100000,1,10,5,er,RePaRe,partition,1.0,1.0,1.0,1.0,1.898177505005151,
0.5,10,1,10,5,er,RePaRe,partition,1.0,1.0,1.0,0.0,0.0100272030103951,
0.5,100,1,10,5,er,RePaRe,partition,1.0,0.7142857142857143,0.8333333333333333,0.3617021276595745,0.0842981380119454,
0.5,200,1,10,5,er,RePaRe,partition,0.8461538461538461,0.8461538461538461,0.8461538461538461,0.845360824742268,0.1757853879826143,
0.5,500,1,10,5,er,RePaRe,partition,0.7058823529411765,1.0,0.8275862068965517,0.6341463414634146,0.4556614570028614,
0.5,1000,1,10,5,er,RePaRe,partition,1.0,1.0,1.0,1.0,0.3631139780045487,
0.5,2000,1,10,5,er,RePaRe,partition,1.0,1.0,1.0,1.0,0.5742460929905064,
0.5,5000,1,10,5,er,RePaRe,partition,1.0,1.0,1.0,1.0,0.562278064986458,
0.5,10000,1,10,5,er,RePaRe,partition,1.0,1.0,1.0,1.0,0.8222662350162864,
0.5,20000,1,10,5,er,RePaRe,partition,1.0,1.0,1.0,1.0,1.4963892980013045,
0.5,50000,1,10,5,er,RePaRe,partition,1.0,1.0,1.0,1.0,3.3084907619922888,
0.5,100000,1,10,5,er,RePaRe,partition,1.0,1.0,1.0,1.0,7.685697234002873,
0.8,10,1,10,5,er,RePaRe,partition,1.0,1.0,1.0,0.0,0.0055643590167164,
0.8,100,1,10,5,er,RePaRe,partition,1.0,0.8,0.888888888888889,0.1791044776119403,0.0844702949980273,
0.8,200,1,10,5,er,RePaRe,partition,1.0,1.0,1.0,0.2292490118577075,0.0183230229886248,
0.8,500,1,10,5,er,RePaRe,partition,0.875,0.875,0.875,0.3382352941176471,0.118146451015491,
0.8,1000,1,10,5,er,RePaRe,partition,0.8333333333333334,0.7142857142857143,0.7692307692307692,0.202127659574468,0.1902164850034751,
0.8,2000,1,10,5,er,RePaRe,partition,0.7272727272727273,0.7272727272727273,0.7272727272727273,0.3382352941176471,0.3666727299860213,
0.8,5000,1,10,5,er,RePaRe,partition,0.9285714285714286,1.0,0.962962962962963,0.845360824742268,0.4374662039917893,
0.8,10000,1,10,5,er,RePaRe,partition,0.9285714285714286,1.0,0.962962962962963,0.845360824742268,0.319654471008107,
0.8,20000,1,10,5,er,RePaRe,partition,0.8333333333333334,0.9375,0.8823529411764706,1.0,0.8631116060132626,
0.8,50000,1,10,5,er,RePaRe,partition,1.0,1.0,1.0,1.0,5.429732518998208,
0.8,100000,1,10,5,er,RePaRe,partition,1.0,1.0,1.0,1.0,7.637689868017333,
0.2,10,2,10,5,er,RePaRe,partition,1.0,1.0,1.0,0.0,0.0106969219923485,
0.2,100,2,10,5,er,RePaRe,partition,0.3333333333333333,0.3333333333333333,0.3333333333333333,0.7272727272727273,0.0711818509735167,
0.2,200,2,10,5,er,RePaRe,partition,1.0,1.0,1.0,1.0,0.0517164930060971,
0.2,500,2,10,5,er,RePaRe,partition,1.0,1.0,1.0,1.0,0.1104233950027264,
0.2,1000,2,10,5,er,RePaRe,partition,1.0,1.0,1.0,1.0,0.0937213040015194,
0.2,2000,2,10,5,er,RePaRe,partition,1.0,1.0,1.0,1.0,0.1483125149970874,
0.2,5000,2,10,5,er,RePaRe,partition,1.0,1.0,1.0,1.0,0.2758806720084976,
0.2,10000,2,10,5,er,RePaRe,partition,1.0,1.0,1.0,1.0,0.3795554469979834,
0.2,20000,2,10,5,er,RePaRe,partition,1.0,1.0,1.0,1.0,0.4845012089936062,
0.2,50000,2,10,5,er,RePaRe,partition,1.0,1.0,1.0,1.0,1.2710312550188974,
0.2,100000,2,10,5,er,RePaRe,partition,1.0,1.0,1.0,1.0,4.327022407989716,
0.5,10,2,10,5,er,RePaRe,partition,1.0,1.0,1.0,0.0,0.0075088219891767,
0.5,100,2,10,5,er,RePaRe,partition,1.0,1.0,1.0,0.8484848484848485,0.0514089380158111,
0.5,200,2,10,5,er,RePaRe,partition,1.0,1.0,1.0,1.0,0.4298912259982899,
0.5,500,2,10,5,er,RePaRe,partition,1.0,1.0,1.0,0.9200710479573712,0.191471566009568,
0.5,1000,2,10,5,er,RePaRe,partition,1.0,1.0,1.0,1.0,0.1808378240093588,
0.5,2000,2,10,5,er,RePaRe,partition,1.0,1.0,1.0,1.0,0.3602969959902111,
0.5,5000,2,10,5,er,RePaRe,partition,1.0,1.0,1.0,1.0,0.3606822000001557,
0.5,10000,2,10,5,er,RePaRe,partition,1.0,1.0,1.0,1.0,0.3587083680031355,
0.5,20000,2,10,5,er,RePaRe,partition,1.0,1.0,1.0,1.0,1.2738382180104963,
0.5,50000,2,10,5,er,RePaRe,partition,1.0,1.0,1.0,1.0,4.360176688991487,
0.5,100000,2,10,5,er,RePaRe,partition,1.0,1.0,1.0,1.0,5.026692357001593,
0.8,10,2,10,5,er,RePaRe,partition,1.0,1.0,1.0,0.0,0.0115617330011446,
0.8,100,2,10,5,er,RePaRe,partition,1.0,1.0,1.0,0.0663900414937759,0.0271999349934048,
0.8,200,2,10,5,er,RePaRe,partition,1.0,1.0,1.0,0.2547770700636942,0.0376987679919693,
0.8,500,2,10,5,er,RePaRe,partition,1.0,1.0,1.0,0.4521739130434782,0.0575150060176383,
0.8,1000,2,10,5,er,RePaRe,partition,1.0,1.0,1.0,0.4521739130434782,0.1135526230209507,
0.8,2000,2,10,5,er,RePaRe,partition,0.9333333333333332,1.0,0.9655172413793104,0.775,0.5355506839987356,
0.8,5000,2,10,5,er,RePaRe,partition,1.0,1.0,1.0,0.7326732673267327,0.1299791290075518,
0.8,10000,2,10,5,er,RePaRe,partition,1.0,1.0,1.0,1.0,0.4861153519887011,
0.8,20000,2,10,5,er,RePaRe,partition,1.0,1.0,1.0,1.0,1.092075807013316,
0.8,50000,2,10,5,er,RePaRe,partition,1.0,1.0,1.0,1.0,1.9370318830187896,
0.8,100000,2,10,5,er,RePaRe,partition,1.0,1.0,1.0,1.0,4.0734173680248205,
0.2,10,3,10,5,er,RePaRe,partition,1.0,1.0,1.0,0.0,0.0200026759994216,
0.2,100,3,10,5,er,RePaRe,partition,1.0,0.75,0.8571428571428571,0.6456692913385826,0.0824887870112434,
0.2,200,3,10,5,er,RePaRe,partition,1.0,1.0,1.0,1.0,0.2162515439849812,
0.2,500,3,10,5,er,RePaRe,partition,1.0,1.0,1.0,1.0,0.4695424969831947,
0.2,1000,3,10,5,er,RePaRe,partition,1.0,1.0,1.0,1.0,0.2967407820106018,
0.2,2000,3,10,5,er,RePaRe,partition,1.0,1.0,1.0,1.0,0.3599911659839563,
0.2,5000,3,10,5,er,RePaRe,partition,1.0,1.0,1.0,1.0,0.3798026260046754,
0.2,10000,3,10,5,er,RePaRe,partition,1.0,1.0,1.0,1.0,0.5250309639959596,
0.2,20000,3,10,5,er,RePaRe,partition,1.0,1.0,1.0,1.0,0.5219717199797742,
0.2,50000,3,10,5,er,RePaRe,partition,1.0,1.0,1.0,1.0,1.5171035040111749,
0.2,100000,3,10,5,er,RePaRe,partition,1.0,1.0,1.0,1.0,5.456560223014094,
0.5,10,3,10,5,er,RePaRe,partition,1.0,1.0,1.0,0.0,0.0096068330167327,
0.5,100,3,10,5,er,RePaRe,partition,0.4545454545454545,0.7142857142857143,0.5555555555555556,0.136986301369863,0.2605199200042989,
0.5,200,3,10,5,er,RePaRe,partition,0.5882352941176471,0.6666666666666666,0.625,0.2268041237113402,0.2754834660154301,
0.5,500,3,10,5,er,RePaRe,partition,0.5416666666666666,0.8666666666666667,0.6666666666666667,0.3778801843317972,0.5023655699915253,
0.5,1000,3,10,5,er,RePaRe,partition,0.7,1.0,0.8235294117647058,0.6456692913385826,0.4689441649825312,
0.5,2000,3,10,5,er,RePaRe,partition,1.0,1.0,1.0,1.0,0.3635442550003063,
0.5,5000,3,10,5,er,RePaRe,partition,1.0,1.0,1.0,1.0,0.4313063200097531,
0.5,10000,3,10,5,er,RePaRe,partition,1.0,1.0,1.0,1.0,0.6677268579951487,
0.5,20000,3,10,5,er,RePaRe,partition,1.0,1.0,1.0,1.0,0.8924398410017602,
0.5,50000,3,10,5,er,RePaRe,partition,1.0,1.0,1.0,1.0,1.9543536250130276,
0.5,100000,3,10,5,er,RePaRe,partition,1.0,1.0,1.0,1.0,8.68265177300782,
0.8,10,3,10,5,er,RePaRe,partition,1.0,0.0,0.0,-0.0378912685337726,0.0269911339855752,
0.8,100,3,10,5,er,RePaRe,partition,0.875,0.7777777777777778,0.823529411764706,-0.0975609756097561,0.1233043389802333,
0.8,200,3,10,5,er,RePaRe,partition,0.875,0.7777777777777778,0.823529411764706,-0.0975609756097561,0.242837295983918,
0.8,500,3,10,5,er,RePaRe,partition,0.8461538461538461,0.9166666666666666,0.8799999999999999,0.064,0.0725477900123223,
0.8,1000,3,10,5,er,RePaRe,partition,0.8666666666666667,1.0,0.9285714285714286,0.3233082706766917,0.1225721079972572,
0.8,2000,3,10,5,er,RePaRe,partition,0.75,0.9375,0.8333333333333334,0.2824601366742597,0.3369723930081818,
0.8,5000,3,10,5,er,RePaRe,partition,0.8421052631578947,0.9411764705882352,0.8888888888888888,0.6924829157175398,0.463605718978215,
0.8,10000,3,10,5,er,RePaRe,partition,0.85,1.0,0.9189189189189187,0.6924829157175398,0.3290333960030693,
0.8,20000,3,10,5,er,RePaRe,partition,0.8095238095238095,1.0,0.8947368421052632,0.6924829157175398,1.0922076310089324,
0.8,50000,3,10,5,er,RePaRe,partition,0.8095238095238095,1.0,0.8947368421052632,0.6924829157175398,1.494537432998186,
0.8,100000,3,10,5,er,RePaRe,partition,0.8095238095238095,1.0,0.8947368421052632,0.6924829157175398,5.036688403983135,
0.2,10,4,10,5,er,RePaRe,partition,1.0,1.0,1.0,0.0,0.0223051869834307,
0.2,100,4,10,5,er,RePaRe,partition,1.0,1.0,1.0,1.0,0.0902202049910556,
0.2,200,4,10,5,er,RePaRe,partition,1.0,1.0,1.0,1.0,0.0300630920100957,
0.2,500,4,10,5,er,RePaRe,partition,1.0,1.0,1.0,1.0,0.0729032359959092,
0.2,1000,4,10,5,er,RePaRe,partition,1.0,1.0,1.0,1.0,0.0675916479958687,
0.2,2000,4,10,5,er,RePaRe,partition,1.0,1.0,1.0,1.0,0.0803112889989279,
0.2,5000,4,10,5,er,RePaRe,partition,1.0,1.0,1.0,1.0,0.1223691260092891,
0.2,10000,4,10,5,er,RePaRe,partition,1.0,1.0,1.0,1.0,0.0658370339951943,
0.2,20000,4,10,5,er,RePaRe,partition,1.0,1.0,1.0,1.0,0.2104414539935533,
0.2,50000,4,10,5,er,RePaRe,partition,1.0,1.0,1.0,1.0,0.5928138120216317,
0.2,100000,4,10,5,er,RePaRe,partition,1.0,1.0,1.0,1.0,1.1394666520063763,
0.5,10,4,10,5,er,RePaRe,partition,1.0,1.0,1.0,-0.0119047619047619,0.0141246659914031,
0.5,100,4,10,5,er,RePaRe,partition,1.0,0.6666666666666666,0.8,-0.0568603213844252,0.0289634839864447,
0.5,200,4,10,5,er,RePaRe,partition,1.0,1.0,1.0,0.1346153846153846,0.0644846590002998,
0.5,500,4,10,5,er,RePaRe,partition,1.0,1.0,1.0,0.1851106639839034,0.0234075560001656,
0.5,1000,4,10,5,er,RePaRe,partition,1.0,1.0,1.0,0.3454545454545454,0.0251193789881654,
0.5,2000,4,10,5,er,RePaRe,partition,0.8888888888888888,1.0,0.9411764705882352,0.3283582089552239,0.0480930170160718,
0.5,5000,4,10,5,er,RePaRe,partition,0.8461538461538461,1.0,0.9166666666666666,0.4512195121951219,0.3505650639999658,
0.5,10000,4,10,5,er,RePaRe,partition,0.9166666666666666,1.0,0.9565217391304348,0.6301369863013698,0.5689750970050227,
0.5,20000,4,10,5,er,RePaRe,partition,0.9166666666666666,1.0,0.9565217391304348,0.6301369863013698,0.9332748870074284,
0.5,50000,4,10,5,er,RePaRe,partition,1.0,1.0,1.0,1.0,1.429431819007732,
0.5,100000,4,10,5,er,RePaRe,partition,1.0,1.0,1.0,1.0,5.577305792976404,
0.8,10,4,10,5,er,RePaRe,partition,1.0,1.0,1.0,0.0,0.0330595689883921,
0.8,100,4,10,5,er,RePaRe,partition,1.0,1.0,1.0,0.2424242424242424,0.1094956579909194,
0.8,200,4,10,5,er,RePaRe,partition,1.0,1.0,1.0,0.6236559139784946,0.0455763520149048,
0.8,500,4,10,5,er,RePaRe,partition,1.0,1.0,1.0,0.7619047619047619,0.052507913991576,
0.8,1000,4,10,5,er,RePaRe,partition,1.0,1.0,1.0,0.367816091954023,0.0171015080122742,
0.8,2000,4,10,5,er,RePaRe,partition,1.0,1.0,1.0,0.5833333333333334,0.1528481389977969,
0.8,5000,4,10,5,er,RePaRe,partition,1.0,1.0,1.0,0.5833333333333334,0.1721637890150305,
0.8,10000,4,10,5,er,RePaRe,partition,1.0,1.0,1.0,0.696969696969697,0.4049275199940894,
0.8,20000,4,10,5,er,RePaRe,partition,1.0,1.0,1.0,1.0,0.547659232019214,
0.8,50000,4,10,5,er,RePaRe,partition,1.0,1.0,1.0,1.0,1.1492004820029251,
0.8,100000,4,10,5,er,RePaRe,partition,1.0,1.0,1.0,1.0,2.28713810199406,
0.2,10,5,10,5,er,RePaRe,partition,1.0,1.0,1.0,0.0,0.0109706340008415,
0.2,100,5,10,5,er,RePaRe,partition,0.6,0.5,0.5454545454545454,0.6341463414634146,0.1067018969915807,
0.2,200,5,10,5,er,RePaRe,partition,1.0,0.8888888888888888,0.9411764705882352,1.0,0.2886656910122838,
0.2,500,5,10,5,er,RePaRe,partition,1.0,1.0,1.0,1.0,0.1036046649969648,
0.2,1000,5,10,5,er,RePaRe,partition,1.0,1.0,1.0,1.0,0.262643513007788,
0.2,2000,5,10,5,er,RePaRe,partition,1.0,1.0,1.0,1.0,0.2487699089979287,
0.2,5000,5,10,5,er,RePaRe,partition,1.0,1.0,1.0,1.0,0.1772571930196136,
0.2,10000,5,10,5,er,RePaRe,partition,1.0,1.0,1.0,1.0,0.3331163940019905,
0.2,20000,5,10,5,er,RePaRe,partition,1.0,1.0,1.0,1.0,1.051674774993444,
0.2,50000,5,10,5,er,RePaRe,partition,1.0,1.0,1.0,1.0,2.7933192150085238,
0.2,100000,5,10,5,er,RePaRe,partition,1.0,1.0,1.0,1.0,27.819009252998512,
0.5,10,5,10,5,er,RePaRe,partition,1.0,1.0,1.0,0.0,0.0120789060019887,
0.5,100,5,10,5,er,RePaRe,partition,0.8333333333333334,0.8333333333333334,0.8333333333333334,0.2622950819672131,0.0575106129981577,
0.5,200,5,10,5,er,RePaRe,partition,1.0,1.0,1.0,0.6170212765957447,0.0478122839995194,
0.5,500,5,10,5,er,RePaRe,partition,0.8181818181818182,0.9,0.8571428571428572,0.6896551724137931,0.1688751110050361,
0.5,1000,5,10,5,er,RePaRe,partition,1.0,1.0,1.0,0.8767123287671232,0.2965042600117158,
0.5,2000,5,10,5,er,RePaRe,partition,0.8125,0.9285714285714286,0.8666666666666666,0.8767123287671232,0.4388898570032324,
0.5,5000,5,10,5,er,RePaRe,partition,0.8125,0.9285714285714286,0.8666666666666666,0.8767123287671232,0.4082868009863887,
0.5,10000,5,10,5,er,RePaRe,partition,0.8235294117647058,1.0,0.9032258064516128,0.8767123287671232,0.9462386279774364,
0.5,20000,5,10,5,er,RePaRe,partition,0.8235294117647058,1.0,0.9032258064516128,0.8767123287671232,1.8217375800013544,
0.5,50000,5,10,5,er,RePaRe,partition,1.0,1.0,1.0,1.0,3.1366768040170427,
0.5,100000,5,10,5,er,RePaRe,partition,1.0,1.0,1.0,1.0,8.035367206990486,
0.8,10,5,10,5,er,RePaRe,partition,1.0,1.0,1.0,0.0,0.0280311770038679,
0.8,100,5,10,5,er,RePaRe,partition,1.0,1.0,1.0,0.2547770700636942,0.029653933015652,
0.8,200,5,10,5,er,RePaRe,partition,0.5238095238095238,0.8461538461538461,0.6470588235294118,0.7272727272727273,0.1356901229883078,
0.8,500,5,10,5,er,RePaRe,partition,0.7777777777777778,0.9333333333333332,0.8484848484848485,0.6301369863013698,0.1108828140131663,
0.8,1000,5,10,5,er,RePaRe,partition,0.7777777777777778,1.0,0.8750000000000001,0.6301369863013698,0.1537596569978632,
0.8,2000,5,10,5,er,RePaRe,partition,0.9523809523809524,1.0,0.975609756097561,0.6301369863013698,0.1430990280059632,
0.8,5000,5,10,5,er,RePaRe,partition,0.9523809523809524,1.0,0.975609756097561,0.6301369863013698,0.4888398949988186,
0.8,10000,5,10,5,er,RePaRe,partition,0.9,0.9473684210526316,0.9230769230769232,0.8767123287671232,0.681518875004258,
0.8,20000,5,10,5,er,RePaRe,partition,0.9,0.9473684210526316,0.9230769230769232,0.8767123287671232,0.9290545090043452,
0.8,50000,5,10,5,er,RePaRe,partition,0.9,0.9473684210526316,0.9230769230769232,0.8767123287671232,2.4520359270100016,
0.8,100000,5,10,5,er,RePaRe,partition,0.9,0.9473684210526316,0.9230769230769232,0.8767123287671232,6.40822437099996,
0.2,10,6,10,5,er,RePaRe,partition,0.0,1.0,0.0,0.0880503144654088,0.0056129610165953,
0.2,100,6,10,5,er,RePaRe,partition,0.5,0.5,0.5,0.64,0.0439369459927547,
0.2,200,6,10,5,er,RePaRe,partition,1.0,1.0,1.0,1.0,0.0707813720218837,
0.2,500,6,10,5,er,RePaRe,partition,1.0,1.0,1.0,1.0,0.1187743869959376,
0.2,1000,6,10,5,er,RePaRe,partition,1.0,1.0,1.0,1.0,0.0707211999979335,
0.2,2000,6,10,5,er,RePaRe,partition,1.0,1.0,1.0,1.0,0.0662555159942712,
0.2,5000,6,10,5,er,RePaRe,partition,1.0,1.0,1.0,1.0,0.2035303479933645,
0.2,10000,6,10,5,er,RePaRe,partition,1.0,1.0,1.0,1.0,0.1862828219891525,
0.2,20000,6,10,5,er,RePaRe,partition,1.0,1.0,1.0,1.0,0.3695200720103457,
0.2,50000,6,10,5,er,RePaRe,partition,1.0,1.0,1.0,1.0,0.4637390679854434,
0.2,100000,6,10,5,er,RePaRe,partition,1.0,1.0,1.0,1.0,1.4153178599954117,
0.5,10,6,10,5,er,RePaRe,partition,1.0,1.0,1.0,0.0,0.011918981996132,
0.5,100,6,10,5,er,RePaRe,partition,0.5,1.0,0.6666666666666666,0.1410788381742738,0.0272526100161485,
0.5,200,6,10,5,er,RePaRe,partition,0.3333333333333333,1.0,0.5,0.3694267515923566,0.1317552870023064,
0.5,500,6,10,5,er,RePaRe,partition,0.7333333333333333,1.0,0.846153846153846,0.6301369863013698,0.2363286539912223,
0.5,1000,6,10,5,er,RePaRe,partition,0.8,1.0,0.888888888888889,0.8767123287671232,0.3796268859878182,
0.5,2000,6,10,5,er,RePaRe,partition,0.75,1.0,0.8571428571428571,0.8767123287671232,0.2014997919904999,
0.5,5000,6,10,5,er,RePaRe,partition,1.0,1.0,1.0,1.0,0.4292674520111177,
0.5,10000,6,10,5,er,RePaRe,partition,1.0,1.0,1.0,1.0,0.7804171300085727,
0.5,20000,6,10,5,er,RePaRe,partition,0.631578947368421,1.0,0.7741935483870968,0.8767123287671232,1.5214460629795212,
0.5,50000,6,10,5,er,RePaRe,partition,1.0,1.0,1.0,1.0,2.792438851000042,
0.5,100000,6,10,5,er,RePaRe,partition,1.0,1.0,1.0,1.0,4.68606936497963,
0.8,10,6,10,5,er,RePaRe,partition,1.0,1.0,1.0,0.0,0.0131126710039097,
0.8,100,6,10,5,er,RePaRe,partition,1.0,1.0,1.0,0.2702702702702703,0.0130973420164082,
0.8,200,6,10,5,er,RePaRe,partition,1.0,1.0,1.0,0.4335664335664335,0.0294021980080287,
0.8,500,6,10,5,er,RePaRe,partition,0.9,1.0,0.9473684210526316,0.8085106382978723,0.1817408399947453,
0.8,1000,6,10,5,er,RePaRe,partition,0.8461538461538461,0.9166666666666666,0.8799999999999999,0.6896551724137931,0.272957150998991,
0.8,2000,6,10,5,er,RePaRe,partition,0.75,0.9375,0.8333333333333334,0.8767123287671232,0.1757934829802252,
0.8,5000,6,10,5,er,RePaRe,partition,0.85,1.0,0.9189189189189187,0.8767123287671232,0.1768783029983751,
0.8,10000,6,10,5,er,RePaRe,partition,0.8095238095238095,1.0,0.8947368421052632,0.8767123287671232,0.8050026780110784,
0.8,20000,6,10,5,er,RePaRe,partition,1.0,1.0,1.0,1.0,0.3946940530149732,
0.8,50000,6,10,5,er,RePaRe,partition,1.0,1.0,1.0,1.0,1.7023868630058132,
0.8,100000,6,10,5,er,RePaRe,partition,1.0,1.0,1.0,1.0,4.225472537014866,
0.2,10,7,10,5,er,RePaRe,partition,1.0,1.0,1.0,0.0,0.0097849179874174,
0.2,100,7,10,5,er,RePaRe,partition,0.4285714285714285,0.75,0.5454545454545454,0.3835616438356164,0.1399260459875222,
0.2,200,7,10,5,er,RePaRe,partition,0.3636363636363636,0.8,0.5000000000000001,0.5423728813559322,0.083171463018516,
0.2,500,7,10,5,er,RePaRe,partition,0.75,1.0,0.8571428571428571,0.7272727272727273,0.163295748992823,
0.2,1000,7,10,5,er,RePaRe,partition,0.75,1.0,0.8571428571428571,0.7272727272727273,0.1699097079981584,
0.2,2000,7,10,5,er,RePaRe,partition,0.75,1.0,0.8571428571428571,0.7272727272727273,0.1732742479944136,
0.2,5000,7,10,5,er,RePaRe,partition,1.0,1.0,1.0,1.0,0.1851296509848907,
0.2,10000,7,10,5,er,RePaRe,partition,1.0,1.0,1.0,1.0,0.2188359769934322,
0.2,20000,7,10,5,er,RePaRe,partition,1.0,1.0,1.0,1.0,0.3343127520056441,
0.2,50000,7,10,5,er,RePaRe,partition,1.0,1.0,1.0,1.0,0.6064461980131455,
0.2,100000,7,10,5,er,RePaRe,partition,1.0,1.0,1.0,1.0,2.0523605180205777,
0.5,10,7,10,5,er,RePaRe,partition,1.0,1.0,1.0,0.0,0.0088835670030675,
0.5,100,7,10,5,er,RePaRe,partition,0.75,1.0,0.8571428571428571,0.0063091482649842,0.0525575409992598,
0.5,200,7,10,5,er,RePaRe,partition,1.0,0.75,0.8571428571428571,0.1554959785522788,0.0246908330009318,
0.5,500,7,10,5,er,RePaRe,partition,0.75,0.75,0.75,0.403183023872679,0.0687889789987821,
0.5,1000,7,10,5,er,RePaRe,partition,0.6,0.75,0.6666666666666665,0.403183023872679,0.2194990100106224,
0.5,2000,7,10,5,er,RePaRe,partition,0.7142857142857143,0.9090909090909092,0.8,0.7887323943661971,0.2763009279733524,
0.5,5000,7,10,5,er,RePaRe,partition,0.7857142857142857,1.0,0.88,0.7887323943661971,0.5082912310026586,
0.5,10000,7,10,5,er,RePaRe,partition,0.7692307692307693,0.9090909090909092,0.8333333333333333,0.7887323943661971,0.4564940299896989,
0.5,20000,7,10,5,er,RePaRe,partition,0.7777777777777778,1.0,0.8750000000000001,1.0,1.5716200850147288,
0.5,50000,7,10,5,er,RePaRe,partition,1.0,1.0,1.0,1.0,6.720985077001387,
0.5,100000,7,10,5,er,RePaRe,partition,1.0,1.0,1.0,1.0,9.11892532100319,
0.8,10,7,10,5,er,RePaRe,partition,1.0,1.0,1.0,0.0,0.0109004770056344,
0.8,100,7,10,5,er,RePaRe,partition,1.0,1.0,1.0,0.1106719367588932,0.0293599659926258,
0.8,200,7,10,5,er,RePaRe,partition,1.0,0.8571428571428571,0.923076923076923,0.4545454545454545,0.1593369439942762,
0.8,500,7,10,5,er,RePaRe,partition,0.8333333333333334,0.9090909090909092,0.8695652173913043,0.3382352941176471,0.17555088098743,
0.8,1000,7,10,5,er,RePaRe,partition,0.8888888888888888,0.8888888888888888,0.8888888888888888,0.3902439024390244,0.1278147679986432,
0.8,2000,7,10,5,er,RePaRe,partition,0.8,0.9411764705882352,0.8648648648648648,0.6428571428571429,0.2695595239929389,
0.8,5000,7,10,5,er,RePaRe,partition,1.0,1.0,1.0,0.7272727272727273,0.2878652329964097,
0.8,10000,7,10,5,er,RePaRe,partition,1.0,1.0,1.0,1.0,0.5400837300112471,
0.8,20000,7,10,5,er,RePaRe,partition,1.0,1.0,1.0,1.0,0.9406761819845996,
0.8,50000,7,10,5,er,RePaRe,partition,1.0,1.0,1.0,1.0,1.9363535679876804,
0.8,100000,7,10,5,er,RePaRe,partition,1.0,1.0,1.0,1.0,5.148662163002882,
0.2,10,8,10,5,er,RePaRe,partition,0.0,1.0,0.0,0.0476190476190476,0.0266253559966571,
0.2,100,8,10,5,er,RePaRe,partition,0.6666666666666666,1.0,0.8,0.0034071550255536,0.070970775996102,
0.2,200,8,10,5,er,RePaRe,partition,1.0,0.8333333333333334,0.9090909090909092,0.725609756097561,0.1004146359919104,
0.2,500,8,10,5,er,RePaRe,partition,1.0,1.0,1.0,0.725609756097561,0.150231961015379,
0.2,1000,8,10,5,er,RePaRe,partition,1.0,1.0,1.0,1.0,0.0645889760053251,
0.2,2000,8,10,5,er,RePaRe,partition,1.0,1.0,1.0,1.0,0.2525752369838301,
0.2,5000,8,10,5,er,RePaRe,partition,1.0,1.0,1.0,1.0,0.2890261309803463,
0.2,10000,8,10,5,er,RePaRe,partition,1.0,1.0,1.0,1.0,0.3103923269954975,
0.2,20000,8,10,5,er,RePaRe,partition,1.0,1.0,1.0,1.0,0.4917664810200222,
0.2,50000,8,10,5,er,RePaRe,partition,1.0,1.0,1.0,1.0,0.9703193489986006,
0.2,100000,8,10,5,er,RePaRe,partition,1.0,1.0,1.0,1.0,4.554482538980665,
0.5,10,8,10,5,er,RePaRe,partition,1.0,1.0,1.0,0.0,0.0298320949950721,
0.5,100,8,10,5,er,RePaRe,partition,1.0,0.8333333333333334,0.9090909090909092,0.208,0.0418097639922052,
0.5,200,8,10,5,er,RePaRe,partition,0.8,1.0,0.888888888888889,-0.1842105263157894,0.0824022429878823,
0.5,500,8,10,5,er,RePaRe,partition,0.8571428571428571,0.8571428571428571,0.8571428571428571,0.2424242424242424,0.1257115080079529,
0.5,1000,8,10,5,er,RePaRe,partition,0.8571428571428571,0.8571428571428571,0.8571428571428571,0.1768292682926829,0.2033875999914016,
0.5,2000,8,10,5,er,RePaRe,partition,1.0,0.875,0.9333333333333332,0.3140243902439024,0.057192820997443,
0.5,5000,8,10,5,er,RePaRe,partition,1.0,1.0,1.0,0.8484848484848485,0.2206066880025901,
0.5,10000,8,10,5,er,RePaRe,partition,1.0,1.0,1.0,1.0,0.3124549429921899,
0.5,20000,8,10,5,er,RePaRe,partition,1.0,1.0,1.0,1.0,0.9449826549971476,
0.5,50000,8,10,5,er,RePaRe,partition,1.0,1.0,1.0,1.0,1.8367257619975133,
0.5,100000,8,10,5,er,RePaRe,partition,1.0,1.0,1.0,1.0,2.200279443000909,
0.8,10,8,10,5,er,RePaRe,partition,1.0,1.0,1.0,0.0,0.0110021800210233,
0.8,100,8,10,5,er,RePaRe,partition,1.0,1.0,1.0,0.2011834319526627,0.0273416349955368,
0.8,200,8,10,5,er,RePaRe,partition,1.0,0.7777777777777778,0.8750000000000001,0.4230769230769231,0.095160349010257,
0.8,500,8,10,5,er,RePaRe,partition,0.875,0.875,0.875,0.725609756097561,0.0828014200087636,
0.8,1000,8,10,5,er,RePaRe,partition,1.0,0.7777777777777778,0.8750000000000001,0.4230769230769231,0.049151710991282,
0.8,2000,8,10,5,er,RePaRe,partition,1.0,1.0,1.0,0.3478260869565217,0.0576951749972067,
0.8,5000,8,10,5,er,RePaRe,partition,1.0,1.0,1.0,0.4230769230769231,0.15232312399894,
0.8,10000,8,10,5,er,RePaRe,partition,1.0,1.0,1.0,0.4230769230769231,0.1203625150083098,
0.8,20000,8,10,5,er,RePaRe,partition,1.0,1.0,1.0,1.0,0.7242483109876048,
0.8,50000,8,10,5,er,RePaRe,partition,1.0,1.0,1.0,1.0,3.454692833998706,
0.8,100000,8,10,5,er,RePaRe,partition,1.0,1.0,1.0,1.0,5.6231698189803865,
0.2,10,9,10,5,er,RePaRe,partition,1.0,1.0,1.0,0.0,0.0038953680195845,
0.2,100,9,10,5,er,RePaRe,partition,0.8333333333333334,0.7142857142857143,0.7692307692307692,0.6170212765957447,0.0744239049963653,
0.2,200,9,10,5,er,RePaRe,partition,1.0,0.8888888888888888,0.9411764705882352,1.0,0.1959471919981297,
0.2,500,9,10,5,er,RePaRe,partition,1.0,1.0,1.0,1.0,0.1582190920016728,
0.2,1000,9,10,5,er,RePaRe,partition,1.0,1.0,1.0,1.0,0.0799732960003893,
0.2,2000,9,10,5,er,RePaRe,partition,1.0,1.0,1.0,1.0,0.3127813919854816,
0.2,5000,9,10,5,er,RePaRe,partition,1.0,1.0,1.0,1.0,0.2497826390026603,
0.2,10000,9,10,5,er,RePaRe,partition,1.0,1.0,1.0,1.0,0.6017475889821071,
0.2,20000,9,10,5,er,RePaRe,partition,1.0,1.0,1.0,1.0,1.2433671640173998,
0.2,50000,9,10,5,er,RePaRe,partition,1.0,1.0,1.0,1.0,2.9802998430095613,
0.2,100000,9,10,5,er,RePaRe,partition,1.0,1.0,1.0,1.0,3.438564547017449,
0.5,10,9,10,5,er,RePaRe,partition,1.0,1.0,1.0,0.0,0.0097857079817913,
0.5,100,9,10,5,er,RePaRe,partition,0.6666666666666666,0.6666666666666666,0.6666666666666666,0.3454545454545454,0.1404648129828274,
0.5,200,9,10,5,er,RePaRe,partition,0.625,0.8333333333333334,0.7142857142857143,0.3454545454545454,0.180899059982039,
0.5,500,9,10,5,er,RePaRe,partition,0.8,0.8888888888888888,0.8421052631578948,0.7761194029850746,0.1645619969931431,
0.5,1000,9,10,5,er,RePaRe,partition,0.7857142857142857,0.9166666666666666,0.8461538461538461,1.0,0.2237767440092284,
0.5,2000,9,10,5,er,RePaRe,partition,1.0,1.0,1.0,1.0,0.4378717410145327,
0.5,5000,9,10,5,er,RePaRe,partition,1.0,1.0,1.0,1.0,0.3124178790021688,
0.5,10000,9,10,5,er,RePaRe,partition,1.0,1.0,1.0,1.0,0.5220471389766317,
0.5,20000,9,10,5,er,RePaRe,partition,1.0,1.0,1.0,1.0,0.981428134982707,
0.5,50000,9,10,5,er,RePaRe,partition,1.0,1.0,1.0,1.0,2.185561758989934,
0.5,100000,9,10,5,er,RePaRe,partition,1.0,1.0,1.0,1.0,4.553112773020985,
0.8,10,9,10,5,er,RePaRe,partition,1.0,1.0,1.0,0.0,0.0214014030061662,
0.8,100,9,10,5,er,RePaRe,partition,1.0,1.0,1.0,0.4705882352941176,0.1393288130057044,
0.8,200,9,10,5,er,RePaRe,partition,1.0,1.0,1.0,0.3157894736842105,0.0269579300074838,
0.8,500,9,10,5,er,RePaRe,partition,1.0,1.0,1.0,0.4705882352941176,0.054463744017994,
0.8,1000,9,10,5,er,RePaRe,partition,1.0,1.0,1.0,0.5,0.0563777789939194,
0.8,2000,9,10,5,er,RePaRe,partition,1.0,1.0,1.0,0.5,0.1031839810020756,
0.8,5000,9,10,5,er,RePaRe,partition,1.0,1.0,1.0,1.0,0.2498030110145919,
0.8,10000,9,10,5,er,RePaRe,partition,1.0,1.0,1.0,1.0,0.5262018180219457,
0.8,20000,9,10,5,er,RePaRe,partition,1.0,1.0,1.0,1.0,0.6965256739931647,
0.8,50000,9,10,5,er,RePaRe,partition,1.0,1.0,1.0,1.0,1.9214157329988664,
0.8,100000,9,10,5,er,RePaRe,partition,1.0,1.0,1.0,1.0,8.335872619994916,
