graph_family,edge_probability,num_nodes,samp_size,num_intervs,seed,method,method_label,precision,recall,fscore,ari,runtime_sec,score
erdos_renyi,0.15,10,100,5,0,RePaRe,RePaRe,1.0,0.5,0.6666666666666666,1.0,0.0192788749700412,
erdos_renyi,0.15,10,100,5,1,RePaRe,RePaRe,1.0,1.0,1.0,0.55,0.0212915829615667,
erdos_renyi,0.15,10,100,5,2,RePaRe,RePaRe,1.0,1.0,1.0,1.0,0.0262003750540316,
erdos_renyi,0.15,10,100,5,3,RePaRe,RePaRe,1.0,0.5,0.6666666666666666,1.0,0.0120667919982224,
erdos_renyi,0.15,10,100,5,4,RePaRe,RePaRe,1.0,0.0,0.0,0.7,0.010224041994661,
erdos_renyi,0.15,10,100,5,5,RePaRe,RePaRe,0.8,1.0,0.888888888888889,0.5522388059701493,0.0357245829654857,
erdos_renyi,0.15,10,100,5,6,RePaRe,RePaRe,1.0,0.6666666666666666,0.8,1.0,0.0145873329602181,
erdos_renyi,0.15,10,100,5,7,RePaRe,RePaRe,1.0,1.0,1.0,1.0,0.0284816670464351,
erdos_renyi,0.15,10,100,5,8,RePaRe,RePaRe,1.0,1.0,1.0,0.7761194029850746,0.0238836669595912,
erdos_renyi,0.15,10,100,5,9,RePaRe,RePaRe,1.0,1.0,1.0,1.0,0.061284750001505,
erdos_renyi,0.15,10,100,5,10,RePaRe,RePaRe,0.6666666666666666,1.0,0.8,1.0,0.0421159579418599,
erdos_renyi,0.15,10,100,5,11,RePaRe,RePaRe,0.5,1.0,0.6666666666666666,1.0,0.0382963750744238,
erdos_renyi,0.15,10,100,5,12,RePaRe,RePaRe,0.8333333333333334,0.8333333333333334,0.8333333333333334,1.0,0.0236087500816211,
erdos_renyi,0.15,10,100,5,13,RePaRe,RePaRe,0.8,1.0,0.888888888888889,0.6924829157175398,0.0239322499837726,
erdos_renyi,0.15,10,100,5,14,RePaRe,RePaRe,1.0,1.0,1.0,1.0,0.011023958097212,
erdos_renyi,0.15,10,100,5,15,RePaRe,RePaRe,1.0,1.0,1.0,0.3939393939393939,0.0148901659995317,
erdos_renyi,0.15,10,100,5,16,RePaRe,RePaRe,0.8,1.0,0.888888888888889,0.696969696969697,0.02078675001394,
erdos_renyi,0.15,10,100,5,17,RePaRe,RePaRe,1.0,0.8333333333333334,0.9090909090909092,1.0,0.0229126249905675,
erdos_renyi,0.15,10,100,5,18,RePaRe,RePaRe,0.8571428571428571,0.8571428571428571,0.8571428571428571,1.0,0.0341297079576179,
erdos_renyi,0.15,10,100,5,19,RePaRe,RePaRe,0.75,1.0,0.8571428571428571,0.845360824742268,0.0198456669459119,
erdos_renyi,0.15,10,1000,5,0,RePaRe,RePaRe,0.8,1.0,0.888888888888889,0.9101796407185628,0.0387733749812468,
erdos_renyi,0.15,10,1000,5,1,RePaRe,RePaRe,1.0,1.0,1.0,1.0,0.0245863340096548,
erdos_renyi,0.15,10,1000,5,2,RePaRe,RePaRe,0.8333333333333334,1.0,0.9090909090909092,0.64,0.0349371250486001,
erdos_renyi,0.15,10,1000,5,3,RePaRe,RePaRe,0.6666666666666666,1.0,0.8,0.6170212765957447,0.0352446250617504,
erdos_renyi,0.15,10,1000,5,4,RePaRe,RePaRe,1.0,1.0,1.0,1.0,0.0270154590252786,
erdos_renyi,0.15,10,1000,5,5,RePaRe,RePaRe,0.6666666666666666,1.0,0.8,0.5522388059701493,0.0491152079775929,
erdos_renyi,0.15,10,1000,5,6,RePaRe,RePaRe,1.0,1.0,1.0,1.0,0.0226588749792426,
erdos_renyi,0.15,10,1000,5,7,RePaRe,RePaRe,1.0,1.0,1.0,1.0,0.0312034579692408,
erdos_renyi,0.15,10,1000,5,8,RePaRe,RePaRe,1.0,1.0,1.0,1.0,0.0379977500997483,
erdos_renyi,0.15,10,1000,5,9,RePaRe,RePaRe,0.875,1.0,0.9333333333333332,1.0,0.0331922089681029,
erdos_renyi,0.15,10,1000,5,10,RePaRe,RePaRe,0.6,1.0,0.7499999999999999,1.0,0.0525112500181421,
erdos_renyi,0.15,10,1000,5,11,RePaRe,RePaRe,0.4615384615384615,1.0,0.631578947368421,1.0,0.0399930420098826,
erdos_renyi,0.15,10,1000,5,12,RePaRe,RePaRe,0.5454545454545454,1.0,0.7058823529411764,1.0,0.0406465840060263,
erdos_renyi,0.15,10,1000,5,13,RePaRe,RePaRe,0.5384615384615384,1.0,0.7000000000000001,1.0,0.0755431660218164,
erdos_renyi,0.15,10,1000,5,14,RePaRe,RePaRe,1.0,1.0,1.0,1.0,0.0118309999816119,
erdos_renyi,0.15,10,1000,5,15,RePaRe,RePaRe,0.8,1.0,0.888888888888889,1.0,0.0411699169781059,
erdos_renyi,0.15,10,1000,5,16,RePaRe,RePaRe,0.5555555555555556,1.0,0.7142857142857143,1.0,0.039061167044565,
erdos_renyi,0.15,10,1000,5,17,RePaRe,RePaRe,0.75,1.0,0.8571428571428571,1.0,0.0300202920334413,
erdos_renyi,0.15,10,1000,5,18,RePaRe,RePaRe,0.7777777777777778,1.0,0.8750000000000001,0.6301369863013698,0.0418419999768957,
erdos_renyi,0.15,10,1000,5,19,RePaRe,RePaRe,1.0,1.0,1.0,1.0,0.0168494579847902,
erdos_renyi,0.15,10,10000,5,0,RePaRe,RePaRe,1.0,1.0,1.0,1.0,0.0854082499863579,
erdos_renyi,0.15,10,10000,5,1,RePaRe,RePaRe,1.0,1.0,1.0,1.0,0.0619522080523893,
erdos_renyi,0.15,10,10000,5,2,RePaRe,RePaRe,1.0,1.0,1.0,1.0,0.0829945000587031,
erdos_renyi,0.15,10,10000,5,3,RePaRe,RePaRe,0.6666666666666666,1.0,0.8,1.0,0.0741203749785199,
erdos_renyi,0.15,10,10000,5,4,RePaRe,RePaRe,1.0,1.0,1.0,1.0,0.054589582956396,
erdos_renyi,0.15,10,10000,5,5,RePaRe,RePaRe,0.7142857142857143,0.8333333333333334,0.7692307692307692,1.0,0.1248402500059455,
erdos_renyi,0.15,10,10000,5,6,RePaRe,RePaRe,1.0,1.0,1.0,1.0,0.0560160840395838,
erdos_renyi,0.15,10,10000,5,7,RePaRe,RePaRe,1.0,1.0,1.0,1.0,0.0777200000593438,
erdos_renyi,0.15,10,10000,5,8,RePaRe,RePaRe,1.0,1.0,1.0,1.0,0.1102552500087767,
erdos_renyi,0.15,10,10000,5,9,RePaRe,RePaRe,0.875,1.0,0.9333333333333332,1.0,0.0750589580275118,
erdos_renyi,0.15,10,10000,5,10,RePaRe,RePaRe,0.6,1.0,0.7499999999999999,1.0,0.1295400420203805,
erdos_renyi,0.15,10,10000,5,11,RePaRe,RePaRe,0.4615384615384615,1.0,0.631578947368421,1.0,0.087154833949171,
erdos_renyi,0.15,10,10000,5,12,RePaRe,RePaRe,0.5454545454545454,1.0,0.7058823529411764,1.0,0.0958346249535679,
erdos_renyi,0.15,10,10000,5,13,RePaRe,RePaRe,0.5384615384615384,1.0,0.7000000000000001,1.0,0.1392697499832138,
erdos_renyi,0.15,10,10000,5,14,RePaRe,RePaRe,1.0,1.0,1.0,1.0,0.0282472500111907,
erdos_renyi,0.15,10,10000,5,15,RePaRe,RePaRe,0.8,1.0,0.888888888888889,1.0,0.0850604160223156,
erdos_renyi,0.15,10,10000,5,16,RePaRe,RePaRe,0.5555555555555556,1.0,0.7142857142857143,1.0,0.076070416951552,
erdos_renyi,0.15,10,10000,5,17,RePaRe,RePaRe,0.625,1.0,0.7692307692307693,0.7,0.1077236250275746,
erdos_renyi,0.15,10,10000,5,18,RePaRe,RePaRe,0.75,1.0,0.8571428571428571,0.55,0.1320803329581394,
erdos_renyi,0.15,10,10000,5,19,RePaRe,RePaRe,1.0,1.0,1.0,1.0,0.041804458014667,
erdos_renyi,0.15,10,100000,5,0,RePaRe,RePaRe,1.0,1.0,1.0,0.6170212765957447,0.5827564579999489,
erdos_renyi,0.15,10,100000,5,1,RePaRe,RePaRe,1.0,1.0,1.0,1.0,0.4242036670000289,
erdos_renyi,0.15,10,100000,5,2,RePaRe,RePaRe,1.0,1.0,1.0,1.0,0.5312292080000134,
erdos_renyi,0.15,10,100000,5,3,RePaRe,RePaRe,0.6666666666666666,1.0,0.8,1.0,0.7172251250001409,
erdos_renyi,0.15,10,100000,5,4,RePaRe,RePaRe,1.0,1.0,1.0,1.0,0.6124656249999134,
erdos_renyi,0.15,10,100000,5,5,RePaRe,RePaRe,0.75,1.0,0.8571428571428571,1.0,0.716527041000063,
erdos_renyi,0.15,10,100000,5,6,RePaRe,RePaRe,1.0,1.0,1.0,1.0,0.4308406659999946,
erdos_renyi,0.15,10,100000,5,7,RePaRe,RePaRe,1.0,1.0,1.0,1.0,0.5332812909998665,
erdos_renyi,0.15,10,100000,5,8,RePaRe,RePaRe,0.6666666666666666,1.0,0.8,0.3283582089552239,0.5671302499999911,
erdos_renyi,0.15,10,100000,5,9,RePaRe,RePaRe,0.875,1.0,0.9333333333333332,1.0,0.5879111670001294,
erdos_renyi,0.15,10,100000,5,10,RePaRe,RePaRe,0.6,1.0,0.7499999999999999,1.0,1.034215500000073,
erdos_renyi,0.15,10,100000,5,11,RePaRe,RePaRe,0.4615384615384615,1.0,0.631578947368421,1.0,0.6117989169999873,
erdos_renyi,0.15,10,100000,5,12,RePaRe,RePaRe,0.6666666666666666,1.0,0.8,0.64,0.6853902499999549,
erdos_renyi,0.15,10,100000,5,13,RePaRe,RePaRe,0.5384615384615384,1.0,0.7000000000000001,1.0,0.947808084000144,
erdos_renyi,0.15,10,100000,5,14,RePaRe,RePaRe,1.0,1.0,1.0,1.0,0.2175930000000789,
erdos_renyi,0.15,10,100000,5,15,RePaRe,RePaRe,0.8,1.0,0.888888888888889,1.0,0.7527387920001729,
erdos_renyi,0.15,10,100000,5,16,RePaRe,RePaRe,0.5555555555555556,1.0,0.7142857142857143,1.0,0.6315944159998708,
erdos_renyi,0.15,10,100000,5,17,RePaRe,RePaRe,0.75,1.0,0.8571428571428571,1.0,0.8023495410000123,
erdos_renyi,0.15,10,100000,5,18,RePaRe,RePaRe,0.7777777777777778,1.0,0.8750000000000001,1.0,0.9314980829999512,
erdos_renyi,0.15,10,100000,5,19,RePaRe,RePaRe,1.0,1.0,1.0,1.0,0.4767484999999851,
erdos_renyi,0.15,20,100,5,0,RePaRe,RePaRe,0.9,0.6428571428571429,0.75,0.7432928006176414,0.0583656660746783,
erdos_renyi,0.15,20,100,5,1,RePaRe,RePaRe,0.7272727272727273,0.8,0.761904761904762,0.8274687854710556,0.0552084590308368,
erdos_renyi,0.15,20,100,5,2,RePaRe,RePaRe,0.8888888888888888,1.0,0.9411764705882352,0.7657213316892725,0.0371706249425187,
erdos_renyi,0.15,20,100,5,3,RePaRe,RePaRe,0.8333333333333334,0.8333333333333334,0.8333333333333334,1.0,0.0374325419543311,
erdos_renyi,0.15,20,100,5,4,RePaRe,RePaRe,0.8,1.0,0.888888888888889,0.8903906378770398,0.0348047500010579,
erdos_renyi,0.15,20,100,5,5,RePaRe,RePaRe,0.7777777777777778,1.0,0.8750000000000001,0.5218543046357615,0.075756166013889,
erdos_renyi,0.15,20,100,5,6,RePaRe,RePaRe,0.625,0.625,0.625,0.9051422865701448,0.0656128330156207,
erdos_renyi,0.15,20,100,5,7,RePaRe,RePaRe,0.6666666666666666,1.0,0.8,0.7352580537286814,0.029484000056982,
erdos_renyi,0.15,20,100,5,8,RePaRe,RePaRe,0.75,0.6923076923076923,0.7199999999999999,0.8325499412455935,0.0765746250981465,
erdos_renyi,0.15,20,100,5,9,RePaRe,RePaRe,0.4615384615384615,0.6666666666666666,0.5454545454545455,0.4156570363466915,0.0608797910390421,
erdos_renyi,0.15,20,100,5,10,RePaRe,RePaRe,0.75,1.0,0.8571428571428571,0.6092916984006093,0.0399967500707134,
erdos_renyi,0.15,20,100,5,11,RePaRe,RePaRe,0.7692307692307693,0.8333333333333334,0.8,0.4676214196762142,0.0550975000951439,
erdos_renyi,0.15,20,100,5,12,RePaRe,RePaRe,0.6,0.75,0.6666666666666665,0.9789403679893594,0.0253876249771565,
erdos_renyi,0.15,20,100,5,13,RePaRe,RePaRe,0.8,0.8,0.8000000000000002,0.8549618320610687,0.0411602080566808,
erdos_renyi,0.15,20,100,5,14,RePaRe,RePaRe,0.5,1.0,0.6666666666666666,0.5271749950228947,0.0443247080547735,
erdos_renyi,0.15,20,100,5,15,RePaRe,RePaRe,0.75,0.75,0.75,0.8376068376068376,0.0211862089345231,
erdos_renyi,0.15,20,100,5,16,RePaRe,RePaRe,0.8571428571428571,0.8571428571428571,0.8571428571428571,0.7922992833717964,0.0296401249943301,
erdos_renyi,0.15,20,100,5,17,RePaRe,RePaRe,0.7,0.875,0.7777777777777777,1.0,0.0346034169197082,
erdos_renyi,0.15,20,100,5,18,RePaRe,RePaRe,0.7,1.0,0.8235294117647058,0.8035450516986706,0.0295978341018781,
erdos_renyi,0.15,20,100,5,19,RePaRe,RePaRe,0.4736842105263157,1.0,0.6428571428571429,0.7297553574815095,0.0554507090710103,
erdos_renyi,0.15,20,1000,5,0,RePaRe,RePaRe,0.64,1.0,0.7804878048780487,1.0,0.1118930829688906,
erdos_renyi,0.15,20,1000,5,1,RePaRe,RePaRe,0.7058823529411765,1.0,0.8275862068965517,0.7891491985203453,0.1013512499630451,
erdos_renyi,0.15,20,1000,5,2,RePaRe,RePaRe,0.7,1.0,0.8235294117647058,0.9468977082168808,0.044985291082412,
erdos_renyi,0.15,20,1000,5,3,RePaRe,RePaRe,0.8571428571428571,1.0,0.923076923076923,1.0,0.0516352499835193,
erdos_renyi,0.15,20,1000,5,4,RePaRe,RePaRe,0.8,1.0,0.888888888888889,1.0,0.0728062499547377,
erdos_renyi,0.15,20,1000,5,5,RePaRe,RePaRe,0.4516129032258064,1.0,0.6222222222222222,0.8461538461538461,0.1397544170031324,
erdos_renyi,0.15,20,1000,5,6,RePaRe,RePaRe,0.7,1.0,0.8235294117647058,1.0,0.0844503749394789,
erdos_renyi,0.15,20,1000,5,7,RePaRe,RePaRe,0.6,1.0,0.7499999999999999,1.0,0.0743067089933902,
erdos_renyi,0.15,20,1000,5,8,RePaRe,RePaRe,0.6666666666666666,1.0,0.8,0.9101796407185628,0.1260952500160783,
erdos_renyi,0.15,20,1000,5,9,RePaRe,RePaRe,0.7142857142857143,0.9375,0.8108108108108109,0.9641847313854854,0.1098305420018732,
erdos_renyi,0.15,20,1000,5,10,RePaRe,RePaRe,0.6363636363636364,0.875,0.7368421052631579,0.561163387510693,0.0579395410604774,
erdos_renyi,0.15,20,1000,5,11,RePaRe,RePaRe,0.5769230769230769,1.0,0.7317073170731707,0.8939563068091213,0.1055904170498251,
erdos_renyi,0.15,20,1000,5,12,RePaRe,RePaRe,0.6,1.0,0.7499999999999999,1.0,0.0519569999305531,
erdos_renyi,0.15,20,1000,5,13,RePaRe,RePaRe,0.5714285714285714,1.0,0.7272727272727273,1.0,0.0654714170377701,
erdos_renyi,0.15,20,1000,5,14,RePaRe,RePaRe,0.6875,1.0,0.8148148148148148,0.6711285483498731,0.0900726249674335,
erdos_renyi,0.15,20,1000,5,15,RePaRe,RePaRe,0.625,1.0,0.7692307692307693,1.0,0.044747499981895,
erdos_renyi,0.15,20,1000,5,16,RePaRe,RePaRe,0.55,1.0,0.7096774193548387,1.0,0.0733270839555189,
erdos_renyi,0.15,20,1000,5,17,RePaRe,RePaRe,0.6153846153846154,1.0,0.761904761904762,1.0,0.0525077920174226,
erdos_renyi,0.15,20,1000,5,18,RePaRe,RePaRe,0.6,1.0,0.7499999999999999,1.0,0.0532680000178515,
erdos_renyi,0.15,20,1000,5,19,RePaRe,RePaRe,0.4285714285714285,1.0,0.6,0.9362273439248154,0.1178360830526799,
erdos_renyi,0.15,20,10000,5,0,RePaRe,RePaRe,0.6153846153846154,1.0,0.761904761904762,1.0,0.3057521249866113,
erdos_renyi,0.15,20,10000,5,1,RePaRe,RePaRe,0.7777777777777778,1.0,0.8750000000000001,1.0,0.2809726250125095,
erdos_renyi,0.15,20,10000,5,2,RePaRe,RePaRe,0.52,0.9285714285714286,0.6666666666666666,0.8814722395508422,0.3079144170042127,
erdos_renyi,0.15,20,10000,5,3,RePaRe,RePaRe,0.8571428571428571,1.0,0.923076923076923,1.0,0.1847461659926921,
erdos_renyi,0.15,20,10000,5,4,RePaRe,RePaRe,0.7272727272727273,1.0,0.8421052631578948,1.0,0.2385418330086395,
erdos_renyi,0.15,20,10000,5,5,RePaRe,RePaRe,0.5454545454545454,1.0,0.7058823529411764,1.0,0.2866462080273777,
erdos_renyi,0.15,20,10000,5,6,RePaRe,RePaRe,0.7,1.0,0.8235294117647058,1.0,0.2898942499887198,
erdos_renyi,0.15,20,10000,5,7,RePaRe,RePaRe,0.625,1.0,0.7692307692307693,0.7100712105798576,0.2396256250794977,
erdos_renyi,0.15,20,10000,5,8,RePaRe,RePaRe,0.64,1.0,0.7804878048780487,0.968532626697582,0.4990450000623241,
erdos_renyi,0.15,20,10000,5,9,RePaRe,RePaRe,0.75,1.0,0.8571428571428571,1.0,0.242150834063068,
erdos_renyi,0.15,20,10000,5,10,RePaRe,RePaRe,0.6363636363636364,1.0,0.7777777777777778,0.8862275449101796,0.1947499579982832,
erdos_renyi,0.15,20,10000,5,11,RePaRe,RePaRe,0.7368421052631579,1.0,0.8484848484848484,1.0,0.2444510840578004,
erdos_renyi,0.15,20,10000,5,12,RePaRe,RePaRe,0.5454545454545454,1.0,0.7058823529411764,1.0,0.1914513750234618,
erdos_renyi,0.15,20,10000,5,13,RePaRe,RePaRe,0.5714285714285714,1.0,0.7272727272727273,1.0,0.259757166961208,
erdos_renyi,0.15,20,10000,5,14,RePaRe,RePaRe,0.6153846153846154,1.0,0.761904761904762,1.0,0.270568500040099,
erdos_renyi,0.15,20,10000,5,15,RePaRe,RePaRe,0.625,1.0,0.7692307692307693,0.7097654118930715,0.1639057919383049,
erdos_renyi,0.15,20,10000,5,16,RePaRe,RePaRe,0.4444444444444444,1.0,0.6153846153846153,0.7585086852139529,0.284513666993007,
erdos_renyi,0.15,20,10000,5,17,RePaRe,RePaRe,0.5333333333333333,1.0,0.6956521739130436,0.6187702265372168,0.2316735840868204,
erdos_renyi,0.15,20,10000,5,18,RePaRe,RePaRe,0.6,1.0,0.7499999999999999,1.0,0.1753167499555274,
erdos_renyi,0.15,20,10000,5,19,RePaRe,RePaRe,0.3555555555555555,1.0,0.5245901639344263,0.8621190130624092,0.4526812920812517,
erdos_renyi,0.15,20,100000,5,0,RePaRe,RePaRe,0.5135135135135135,1.0,0.6785714285714285,0.6308571428571429,4.669422250000025,
erdos_renyi,0.15,20,100000,5,1,RePaRe,RePaRe,0.6818181818181818,1.0,0.8108108108108109,0.9272030651340996,3.299116040999934,
erdos_renyi,0.15,20,100000,5,2,RePaRe,RePaRe,0.6,1.0,0.7499999999999999,1.0,2.8614671670000007,
erdos_renyi,0.15,20,100000,5,3,RePaRe,RePaRe,0.8571428571428571,1.0,0.923076923076923,1.0,1.835924041999988,
erdos_renyi,0.15,20,100000,5,4,RePaRe,RePaRe,0.5454545454545454,1.0,0.7058823529411764,0.9300055258795358,3.4868952500000887,
erdos_renyi,0.15,20,100000,5,5,RePaRe,RePaRe,0.5454545454545454,1.0,0.7058823529411764,1.0,3.4030644170002233,
erdos_renyi,0.15,20,100000,5,6,RePaRe,RePaRe,0.6363636363636364,1.0,0.7777777777777778,0.9051422865701448,3.694161582999868,
erdos_renyi,0.15,20,100000,5,7,RePaRe,RePaRe,0.5625,1.0,0.72,1.0,3.2752007080000567,
erdos_renyi,0.15,20,100000,5,8,RePaRe,RePaRe,0.625,1.0,0.7692307692307693,0.9354180829367778,4.1919916249999005,
erdos_renyi,0.15,20,100000,5,9,RePaRe,RePaRe,0.5,1.0,0.6666666666666666,0.6170212765957447,3.9558784169998944,
erdos_renyi,0.15,20,100000,5,10,RePaRe,RePaRe,0.5416666666666666,1.0,0.7027027027027027,0.8874629812438302,5.225959458000034,
erdos_renyi,0.15,20,100000,5,11,RePaRe,RePaRe,0.7368421052631579,1.0,0.8484848484848484,1.0,2.732573333000346,
erdos_renyi,0.15,20,100000,5,12,RePaRe,RePaRe,0.5454545454545454,1.0,0.7058823529411764,1.0,2.14509258399994,
erdos_renyi,0.15,20,100000,5,13,RePaRe,RePaRe,0.5714285714285714,1.0,0.7272727272727273,1.0,2.529183292000198,
erdos_renyi,0.15,20,100000,5,14,RePaRe,RePaRe,0.5384615384615384,1.0,0.7000000000000001,1.0,2.789073665999922,
erdos_renyi,0.15,20,100000,5,15,RePaRe,RePaRe,0.3846153846153846,1.0,0.5555555555555556,0.7210440456769984,3.6667654170000783,
erdos_renyi,0.15,20,100000,5,16,RePaRe,RePaRe,0.55,1.0,0.7096774193548387,1.0,1.9441127079999203,
erdos_renyi,0.15,20,100000,5,17,RePaRe,RePaRe,0.55,1.0,0.7096774193548387,0.7466666666666667,3.568510834000108,
erdos_renyi,0.15,20,100000,5,18,RePaRe,RePaRe,0.5238095238095238,1.0,0.6875000000000001,0.8256880733944955,2.8869587920000868,
erdos_renyi,0.15,20,100000,5,19,RePaRe,RePaRe,0.5357142857142857,1.0,0.6976744186046512,1.0,3.615292041999965,
erdos_renyi,0.15,50,100,5,0,RePaRe,RePaRe,0.6666666666666666,1.0,0.8,0.15301337065412,0.0307647499721497,
erdos_renyi,0.15,50,100,5,1,RePaRe,RePaRe,0.7058823529411765,0.9230769230769232,0.8000000000000002,0.2270570914444626,0.08578437496908,
erdos_renyi,0.15,50,100,5,2,RePaRe,RePaRe,0.6,1.0,0.7499999999999999,0.0877655708084982,0.0655480000423267,
erdos_renyi,0.15,50,100,5,3,RePaRe,RePaRe,0.8333333333333334,1.0,0.9090909090909092,0.2563667362401278,0.0394248330267146,
erdos_renyi,0.15,50,100,5,4,RePaRe,RePaRe,0.5555555555555556,0.8333333333333334,0.6666666666666667,0.0234344028451118,0.0445124999387189,
erdos_renyi,0.15,50,100,5,5,RePaRe,RePaRe,0.38,1.0,0.5507246376811594,0.0791404207437478,0.1696913329651579,
erdos_renyi,0.15,50,100,5,6,RePaRe,RePaRe,0.3333333333333333,1.0,0.5,0.0848266773788995,0.0219612079672515,
erdos_renyi,0.15,50,100,5,7,RePaRe,RePaRe,0.6,1.0,0.7499999999999999,0.1602770220133564,0.0320672080852091,
erdos_renyi,0.15,50,100,5,8,RePaRe,RePaRe,1.0,1.0,1.0,0.0835977488014452,0.0135448329383507,
erdos_renyi,0.15,50,100,5,9,RePaRe,RePaRe,0.631578947368421,1.0,0.7741935483870968,0.3682200947398987,0.0928334590280428,
erdos_renyi,0.15,50,100,5,10,RePaRe,RePaRe,0.375,1.0,0.5454545454545454,0.1004632736916201,0.0434124589664861,
erdos_renyi,0.15,50,100,5,11,RePaRe,RePaRe,0.8333333333333334,1.0,0.9090909090909092,0.2443572129538763,0.032523916917853,
erdos_renyi,0.15,50,100,5,12,RePaRe,RePaRe,0.6111111111111112,1.0,0.7586206896551725,0.309881308733719,0.082870417041704,
erdos_renyi,0.15,50,100,5,13,RePaRe,RePaRe,0.6785714285714286,1.0,0.8085106382978724,0.2749058581019611,0.1106167909456417,
erdos_renyi,0.15,50,100,5,14,RePaRe,RePaRe,1.0,1.0,1.0,0.0,0.0087713749380782,
erdos_renyi,0.15,50,100,5,15,RePaRe,RePaRe,0.6666666666666666,1.0,0.8,0.2143928275157935,0.0906612080289051,
erdos_renyi,0.15,50,100,5,16,RePaRe,RePaRe,0.5957446808510638,0.875,0.7088607594936708,0.5176275564293837,0.2120269580045715,
erdos_renyi,0.15,50,100,5,17,RePaRe,RePaRe,0.6774193548387096,1.0,0.8076923076923077,0.3651799988974034,0.1321198749355971,
erdos_renyi,0.15,50,100,5,18,RePaRe,RePaRe,1.0,1.0,1.0,0.1454024979826848,0.0333378328941762,
erdos_renyi,0.15,50,100,5,19,RePaRe,RePaRe,1.0,1.0,1.0,0.320664220113311,0.0320727500366047,
erdos_renyi,0.15,50,1000,5,0,RePaRe,RePaRe,0.5806451612903226,1.0,0.7346938775510204,0.2806272255888049,0.2277383750770241,
erdos_renyi,0.15,50,1000,5,1,RePaRe,RePaRe,0.6,1.0,0.7499999999999999,0.5566384406454705,0.4390809170436114,
erdos_renyi,0.15,50,1000,5,2,RePaRe,RePaRe,0.3333333333333333,1.0,0.5,0.7500391095270807,0.2037535000126809,
erdos_renyi,0.15,50,1000,5,3,RePaRe,RePaRe,0.8,1.0,0.888888888888889,0.5825979425648643,0.1175370840355753,
erdos_renyi,0.15,50,1000,5,4,RePaRe,RePaRe,0.7777777777777778,0.9545454545454546,0.8571428571428572,0.2620439589441132,0.1922289580106735,
erdos_renyi,0.15,50,1000,5,5,RePaRe,RePaRe,0.7142857142857143,1.0,0.8333333333333333,0.2761394101876676,0.1175934589700773,
erdos_renyi,0.15,50,1000,5,6,RePaRe,RePaRe,0.3809523809523809,1.0,0.5517241379310345,0.5904200042600709,0.1721734589664265,
erdos_renyi,0.15,50,1000,5,7,RePaRe,RePaRe,0.7333333333333333,1.0,0.846153846153846,0.5471095675554559,0.119676333037205,
erdos_renyi,0.15,50,1000,5,8,RePaRe,RePaRe,0.5,1.0,0.6666666666666666,0.4867562806494104,0.1625422919169068,
erdos_renyi,0.15,50,1000,5,9,RePaRe,RePaRe,0.6046511627906976,1.0,0.7536231884057971,0.6133052070389226,0.3122060419991612,
erdos_renyi,0.15,50,1000,5,10,RePaRe,RePaRe,0.6428571428571429,1.0,0.782608695652174,0.5728557643185559,0.1927000419236719,
erdos_renyi,0.15,50,1000,5,11,RePaRe,RePaRe,1.0,1.0,1.0,0.3593909215003941,0.0909514999948442,
erdos_renyi,0.15,50,1000,5,12,RePaRe,RePaRe,0.6666666666666666,0.9375,0.7792207792207793,0.7371368733664935,0.3630118330474943,
erdos_renyi,0.15,50,1000,5,13,RePaRe,RePaRe,0.6481481481481481,1.0,0.7865168539325843,0.4718253818975221,0.3231518330285325,
erdos_renyi,0.15,50,1000,5,14,RePaRe,RePaRe,1.0,1.0,1.0,0.2950868080531221,0.0220809580059722,
erdos_renyi,0.15,50,1000,5,15,RePaRe,RePaRe,0.6071428571428571,1.0,0.7555555555555554,0.751944786621893,0.2114003329770639,
erdos_renyi,0.15,50,1000,5,16,RePaRe,RePaRe,0.5631067961165048,1.0,0.7204968944099379,0.3954446906344555,0.5541549579938874,
erdos_renyi,0.15,50,1000,5,17,RePaRe,RePaRe,0.6481481481481481,1.0,0.7865168539325843,0.4362841233025211,0.2936308749485761,
erdos_renyi,0.15,50,1000,5,18,RePaRe,RePaRe,0.5681818181818182,1.0,0.7246376811594203,0.785194000208846,0.2569211670197546,
erdos_renyi,0.15,50,1000,5,19,RePaRe,RePaRe,0.6785714285714286,1.0,0.8085106382978724,0.5700109379706102,0.3083779159933328,
erdos_renyi,0.15,50,10000,5,0,RePaRe,RePaRe,0.6229508196721312,1.0,0.7676767676767677,0.5373268694477931,1.5224335419479758,
erdos_renyi,0.15,50,10000,5,1,RePaRe,RePaRe,0.5428571428571428,1.0,0.7037037037037037,0.6881915818797594,2.8199944999068975,
erdos_renyi,0.15,50,10000,5,2,RePaRe,RePaRe,0.5714285714285714,1.0,0.7272727272727273,0.7989420522271955,0.671035333070904,
erdos_renyi,0.15,50,10000,5,3,RePaRe,RePaRe,0.6666666666666666,1.0,0.8,0.5251728846407964,1.1235209590522572,
erdos_renyi,0.15,50,10000,5,4,RePaRe,RePaRe,0.5098039215686274,1.0,0.6753246753246753,0.5291137642786247,1.6488202920882031,
erdos_renyi,0.15,50,10000,5,5,RePaRe,RePaRe,0.7333333333333333,1.0,0.846153846153846,0.5925163805707478,0.5697571670170873,
erdos_renyi,0.15,50,10000,5,6,RePaRe,RePaRe,0.4571428571428571,1.0,0.6274509803921569,0.8204855438623153,0.9894495420157908,
erdos_renyi,0.15,50,10000,5,7,RePaRe,RePaRe,0.6727272727272727,1.0,0.8043478260869564,0.3701635108507001,1.3407085420330986,
erdos_renyi,0.15,50,10000,5,8,RePaRe,RePaRe,0.8571428571428571,1.0,0.923076923076923,0.8446965745785424,0.545571833034046,
erdos_renyi,0.15,50,10000,5,9,RePaRe,RePaRe,0.6153846153846154,1.0,0.761904761904762,0.8301322342981716,1.6269726669415832,
erdos_renyi,0.15,50,10000,5,10,RePaRe,RePaRe,0.75,1.0,0.8571428571428571,0.8753509029203502,0.7703224159777164,
erdos_renyi,0.15,50,10000,5,11,RePaRe,RePaRe,0.9333333333333332,1.0,0.9655172413793104,0.7292431642365691,0.6467655419837683,
erdos_renyi,0.15,50,10000,5,12,RePaRe,RePaRe,0.7419354838709677,1.0,0.8518518518518519,0.8630011246884951,1.2072501669172198,
erdos_renyi,0.15,50,10000,5,13,RePaRe,RePaRe,0.6666666666666666,1.0,0.8,0.6567031577943141,1.2495571669423953,
erdos_renyi,0.15,50,10000,5,14,RePaRe,RePaRe,1.0,1.0,1.0,0.6179039301310044,0.1803311660187319,
erdos_renyi,0.15,50,10000,5,15,RePaRe,RePaRe,0.59375,1.0,0.7450980392156863,0.8884255709547128,1.2515619170153514,
erdos_renyi,0.15,50,10000,5,16,RePaRe,RePaRe,0.4469696969696969,1.0,0.6178010471204188,0.7655340552175537,3.6611071249935776,
erdos_renyi,0.15,50,10000,5,17,RePaRe,RePaRe,0.8928571428571429,1.0,0.9433962264150944,0.8387192332251545,0.9473692090250552,
erdos_renyi,0.15,50,10000,5,18,RePaRe,RePaRe,0.5555555555555556,1.0,0.7142857142857143,0.9132667510745344,1.2005360829643903,
erdos_renyi,0.15,50,10000,5,19,RePaRe,RePaRe,0.5833333333333334,1.0,0.7368421052631579,0.6284918397376136,0.9857634169748052,
erdos_renyi,0.15,50,100000,5,0,RePaRe,RePaRe,0.5833333333333334,1.0,0.7368421052631579,0.766622213755001,30.564268500000253,
erdos_renyi,0.15,50,100000,5,1,RePaRe,RePaRe,0.5604395604395604,1.0,0.7183098591549296,0.9500513078402456,54.612515040999824,
erdos_renyi,0.15,50,100000,5,2,RePaRe,RePaRe,0.6,1.0,0.7499999999999999,0.953065525024779,10.147071999999753,
erdos_renyi,0.15,50,100000,5,3,RePaRe,RePaRe,0.6,1.0,0.7499999999999999,0.8000824579335698,26.8880114589997,
erdos_renyi,0.15,50,100000,5,4,RePaRe,RePaRe,0.8095238095238095,1.0,0.8947368421052632,0.9586751914435008,17.62681508300011,
erdos_renyi,0.15,50,100000,5,5,RePaRe,RePaRe,0.6666666666666666,1.0,0.8,0.7233535180322598,15.483169124999677,
erdos_renyi,0.15,50,100000,5,6,RePaRe,RePaRe,0.4722222222222222,1.0,0.6415094339622641,1.0,18.66332116700005,
erdos_renyi,0.15,50,100000,5,7,RePaRe,RePaRe,0.75,1.0,0.8571428571428571,1.0,15.02102508300004,
erdos_renyi,0.15,50,100000,5,8,RePaRe,RePaRe,0.5185185185185185,1.0,0.6829268292682926,0.919399488072408,19.9719950409999,
erdos_renyi,0.15,50,100000,5,9,RePaRe,RePaRe,0.7368421052631579,1.0,0.8484848484848484,0.898101482605079,16.377645665999808,
erdos_renyi,0.15,50,100000,5,10,RePaRe,RePaRe,0.6666666666666666,1.0,0.8,0.8837242893459671,18.114645541999835,
erdos_renyi,0.15,50,100000,5,11,RePaRe,RePaRe,0.9333333333333332,1.0,0.9655172413793104,0.7969619423169744,10.747195959000235,
erdos_renyi,0.15,50,100000,5,12,RePaRe,RePaRe,0.6785714285714286,1.0,0.8085106382978724,1.0,12.779631083000368,
erdos_renyi,0.15,50,100000,5,13,RePaRe,RePaRe,0.8611111111111112,1.0,0.9253731343283582,0.9530759212441584,21.15622062500006,
erdos_renyi,0.15,50,100000,5,14,RePaRe,RePaRe,0.8,1.0,0.888888888888889,0.4782469965363253,11.689863707999848,
erdos_renyi,0.15,50,100000,5,15,RePaRe,RePaRe,0.5769230769230769,1.0,0.7317073170731707,0.91568531695438,17.120854000000236,
erdos_renyi,0.15,50,100000,5,16,RePaRe,RePaRe,0.4646464646464646,0.9787234042553192,0.6301369863013698,0.8922059789750328,51.885113917000126,
erdos_renyi,0.15,50,100000,5,17,RePaRe,RePaRe,0.7346938775510204,1.0,0.8470588235294119,0.8230560830306468,28.84858308299999,
erdos_renyi,0.15,50,100000,5,18,RePaRe,RePaRe,0.6444444444444445,1.0,0.7837837837837839,0.987146205874761,22.215713875000347,
erdos_renyi,0.15,50,100000,5,19,RePaRe,RePaRe,0.5303030303030303,1.0,0.693069306930693,0.8589363704026176,28.731135042000005,
erdos_renyi,0.15,100,100,5,0,RePaRe,RePaRe,0.0,1.0,0.0,-0.005806172878534,0.0271673750830814,
erdos_renyi,0.15,100,100,5,1,RePaRe,RePaRe,1.0,1.0,1.0,-0.0003155811446677,0.0496254580793902,
erdos_renyi,0.15,100,100,5,2,RePaRe,RePaRe,1.0,0.2,0.3333333333333333,0.0983944580153534,0.0392906670458614,
erdos_renyi,0.15,100,100,5,3,RePaRe,RePaRe,1.0,1.0,1.0,-0.0001665228653278,0.0444955830462276,
erdos_renyi,0.15,100,100,5,4,RePaRe,RePaRe,0.75,0.3,0.4285714285714285,0.0648390706417183,0.062789624906145,
erdos_renyi,0.15,100,100,5,5,RePaRe,RePaRe,1.0,0.5,0.6666666666666666,0.163362532554539,0.0563020840054377,
erdos_renyi,0.15,100,100,5,6,RePaRe,RePaRe,0.5,1.0,0.6666666666666666,0.0695151283123824,0.0709037909982726,
erdos_renyi,0.15,100,100,5,7,RePaRe,RePaRe,1.0,1.0,1.0,0.0,0.0210060409735888,
erdos_renyi,0.15,100,100,5,8,RePaRe,RePaRe,0.6,1.0,0.7499999999999999,0.0547493690119074,0.0658145420020446,
erdos_renyi,0.15,100,100,5,9,RePaRe,RePaRe,1.0,1.0,1.0,-0.0001366564833611,0.0317314160056412,
erdos_renyi,0.15,100,100,5,10,RePaRe,RePaRe,0.8,1.0,0.888888888888889,-0.0154023985322306,0.0805670000845566,
erdos_renyi,0.15,100,100,5,11,RePaRe,RePaRe,0.7333333333333333,1.0,0.846153846153846,0.0313529492816253,0.1150432080030441,
erdos_renyi,0.15,100,100,5,12,RePaRe,RePaRe,0.8,1.0,0.888888888888889,0.0881180252890119,0.0754088329849764,
erdos_renyi,0.15,100,100,5,13,RePaRe,RePaRe,1.0,0.0,0.0,0.1825137614934018,0.0345930409384891,
erdos_renyi,0.15,100,100,5,14,RePaRe,RePaRe,0.6666666666666666,1.0,0.8,-0.0068199950039412,0.0451310420176014,
erdos_renyi,0.15,100,100,5,15,RePaRe,RePaRe,1.0,1.0,1.0,-0.0052902040363045,0.0263285420369356,
erdos_renyi,0.15,100,100,5,16,RePaRe,RePaRe,0.8,1.0,0.888888888888889,0.0429501428413062,0.075716209015809,
erdos_renyi,0.15,100,100,5,17,RePaRe,RePaRe,1.0,1.0,1.0,0.0881733689537253,0.0281176669523119,
erdos_renyi,0.15,100,100,5,18,RePaRe,RePaRe,0.68,1.0,0.8095238095238095,0.0008529535569251,0.2040450829081237,
erdos_renyi,0.15,100,100,5,19,RePaRe,RePaRe,0.6666666666666666,1.0,0.8,0.0345146527093593,0.0462059170240536,
erdos_renyi,0.15,100,1000,5,0,RePaRe,RePaRe,0.8333333333333334,1.0,0.9090909090909092,0.233666409305618,0.1493388329399749,
erdos_renyi,0.15,100,1000,5,1,RePaRe,RePaRe,0.75,1.0,0.8571428571428571,0.1855702140146397,0.3269739160314202,
erdos_renyi,0.15,100,1000,5,2,RePaRe,RePaRe,0.8666666666666667,1.0,0.9285714285714286,0.1576433042837854,0.3052822910249233,
erdos_renyi,0.15,100,1000,5,3,RePaRe,RePaRe,0.6190476190476191,1.0,0.7647058823529412,0.0027322246747118,0.3322326670167967,
erdos_renyi,0.15,100,1000,5,4,RePaRe,RePaRe,0.4901960784313725,0.9615384615384616,0.6493506493506493,0.0795101771766604,0.8782095829956234,
erdos_renyi,0.15,100,1000,5,5,RePaRe,RePaRe,0.5922330097087378,1.0,0.7439024390243902,0.2475474680354342,1.697609958006069,
erdos_renyi,0.15,100,1000,5,6,RePaRe,RePaRe,0.8,1.0,0.888888888888889,0.2608605445242857,0.2712794579565525,
erdos_renyi,0.15,100,1000,5,7,RePaRe,RePaRe,1.0,1.0,1.0,-0.0237425778855021,0.1077368750702589,
erdos_renyi,0.15,100,1000,5,8,RePaRe,RePaRe,0.5116279069767442,1.0,0.676923076923077,0.1141200043730827,0.4821583749726414,
erdos_renyi,0.15,100,1000,5,9,RePaRe,RePaRe,1.0,1.0,1.0,0.0150604134455706,0.0548553749686107,
erdos_renyi,0.15,100,1000,5,10,RePaRe,RePaRe,0.8,1.0,0.888888888888889,0.1888770212871656,0.2519825419876724,
erdos_renyi,0.15,100,1000,5,11,RePaRe,RePaRe,0.5757575757575758,1.0,0.7307692307692308,0.125524210471521,1.0993062920169905,
erdos_renyi,0.15,100,1000,5,12,RePaRe,RePaRe,1.0,1.0,1.0,0.1051406894157094,0.1766320830211043,
erdos_renyi,0.15,100,1000,5,13,RePaRe,RePaRe,1.0,1.0,1.0,0.2024982989298722,0.0511087500490248,
erdos_renyi,0.15,100,1000,5,14,RePaRe,RePaRe,0.5714285714285714,1.0,0.7272727272727273,0.1504342876509361,0.3639759999932721,
erdos_renyi,0.15,100,1000,5,15,RePaRe,RePaRe,0.4761904761904761,1.0,0.6451612903225806,0.0400907307674432,0.2894590419018641,
erdos_renyi,0.15,100,1000,5,16,RePaRe,RePaRe,1.0,1.0,1.0,0.1899736093484203,0.1869750409387052,
erdos_renyi,0.15,100,1000,5,17,RePaRe,RePaRe,0.6666666666666666,1.0,0.8,0.1014853605679269,0.0910466250497847,
erdos_renyi,0.15,100,1000,5,18,RePaRe,RePaRe,0.6666666666666666,1.0,0.8,0.0007759976451483,0.1554294580128044,
erdos_renyi,0.15,100,1000,5,19,RePaRe,RePaRe,0.9,1.0,0.9473684210526316,0.1684313633806591,0.2268956250045448,
erdos_renyi,0.15,100,10000,5,0,RePaRe,RePaRe,0.8,1.0,0.888888888888889,0.2503292646553777,1.414917708025314,
erdos_renyi,0.15,100,10000,5,1,RePaRe,RePaRe,0.75,1.0,0.8571428571428571,0.5770479392802473,3.2072958749486133,
erdos_renyi,0.15,100,10000,5,2,RePaRe,RePaRe,0.6190476190476191,1.0,0.7647058823529412,0.3244276197827639,2.477952459012158,
erdos_renyi,0.15,100,10000,5,3,RePaRe,RePaRe,0.8571428571428571,1.0,0.923076923076923,0.2559743711836361,1.5218764159362763,
erdos_renyi,0.15,100,10000,5,4,RePaRe,RePaRe,0.7333333333333333,1.0,0.846153846153846,0.3044333590950607,1.7175990840187296,
erdos_renyi,0.15,100,10000,5,5,RePaRe,RePaRe,1.0,1.0,1.0,0.3487175534709278,1.0234923340613022,
erdos_renyi,0.15,100,10000,5,6,RePaRe,RePaRe,1.0,1.0,1.0,0.2372735636475981,0.5329984580166638,
erdos_renyi,0.15,100,10000,5,7,RePaRe,RePaRe,1.0,1.0,1.0,-0.0017676899422738,0.2588751669973135,
erdos_renyi,0.15,100,10000,5,8,RePaRe,RePaRe,0.9047619047619048,1.0,0.95,0.3735459065420492,1.7487229580292478,
erdos_renyi,0.15,100,10000,5,9,RePaRe,RePaRe,0.7619047619047619,1.0,0.8648648648648648,0.2133524808283636,1.5628666249103844,
erdos_renyi,0.15,100,10000,5,10,RePaRe,RePaRe,0.8,1.0,0.888888888888889,0.1895865388300872,3.30789591697976,
erdos_renyi,0.15,100,10000,5,11,RePaRe,RePaRe,0.8214285714285714,1.0,0.9019607843137256,0.5579323296521589,3.511585041997023,
erdos_renyi,0.15,100,10000,5,12,RePaRe,RePaRe,0.8333333333333334,1.0,0.9090909090909092,0.2550196947201289,0.7911873329430819,
erdos_renyi,0.15,100,10000,5,13,RePaRe,RePaRe,1.0,1.0,1.0,0.1533516677138081,0.5246756669366732,
erdos_renyi,0.15,100,10000,5,14,RePaRe,RePaRe,0.9,1.0,0.9473684210526316,0.3775418999760199,0.9437650420004502,
erdos_renyi,0.15,100,10000,5,15,RePaRe,RePaRe,0.6944444444444444,1.0,0.819672131147541,0.3336166704914666,2.7477869159774855,
erdos_renyi,0.15,100,10000,5,16,RePaRe,RePaRe,0.9523809523809524,1.0,0.975609756097561,0.3315626671236786,1.920282292063348,
erdos_renyi,0.15,100,10000,5,17,RePaRe,RePaRe,0.5714285714285714,1.0,0.7272727272727273,0.3196646015412405,3.1316385419340804,
erdos_renyi,0.15,100,10000,5,18,RePaRe,RePaRe,0.9,1.0,0.9473684210526316,0.2400045012686461,0.942075499915518,
erdos_renyi,0.15,100,10000,5,19,RePaRe,RePaRe,0.8333333333333334,1.0,0.9090909090909092,0.6200637246477356,0.7851942090783268,
erdos_renyi,0.15,100,100000,5,0,RePaRe,RePaRe,0.9333333333333332,1.0,0.9655172413793104,0.5487216323789101,35.395292625000366,
erdos_renyi,0.15,100,100000,5,1,RePaRe,RePaRe,0.7142857142857143,1.0,0.8333333333333333,0.6595291464524039,90.15790775000004,
erdos_renyi,0.15,100,100000,5,2,RePaRe,RePaRe,0.6666666666666666,1.0,0.8,0.4282133537544765,84.12203175000013,
erdos_renyi,0.15,100,100000,5,3,RePaRe,RePaRe,0.8571428571428571,1.0,0.923076923076923,0.3611382942855028,55.84300291699992,
erdos_renyi,0.15,100,100000,5,4,RePaRe,RePaRe,0.8928571428571429,1.0,0.9433962264150944,0.6104729286010164,69.215956,
erdos_renyi,0.15,100,100000,5,5,RePaRe,RePaRe,0.8666666666666667,1.0,0.9285714285714286,0.3650648696309359,33.66019058300026,
erdos_renyi,0.15,100,100000,5,6,RePaRe,RePaRe,0.7333333333333333,1.0,0.846153846153846,0.4092077850551888,30.73760066700015,
erdos_renyi,0.15,100,100000,5,7,RePaRe,RePaRe,1.0,1.0,1.0,0.0356634922605887,13.14408775000038,
erdos_renyi,0.15,100,100000,5,8,RePaRe,RePaRe,0.75,1.0,0.8571428571428571,0.5774434996330002,76.02830637499983,
erdos_renyi,0.15,100,100000,5,9,RePaRe,RePaRe,0.9285714285714286,1.0,0.962962962962963,0.5506319823351021,32.33027945799995,
erdos_renyi,0.15,100,100000,5,10,RePaRe,RePaRe,0.8,1.0,0.888888888888889,0.5503954260153076,37.93860120799991,
erdos_renyi,0.15,100,100000,5,11,RePaRe,RePaRe,0.8666666666666667,1.0,0.9285714285714286,0.6428019865557967,36.91269137499967,
erdos_renyi,0.15,100,100000,5,12,RePaRe,RePaRe,0.6666666666666666,1.0,0.8,0.3522193762894692,37.34839879099991,
erdos_renyi,0.15,100,100000,5,13,RePaRe,RePaRe,1.0,1.0,1.0,0.7229632471032224,24.445101917000105,
erdos_renyi,0.15,100,100000,5,14,RePaRe,RePaRe,0.6,1.0,0.7499999999999999,0.4388917379919919,19.77749908299984,
erdos_renyi,0.15,100,100000,5,15,RePaRe,RePaRe,0.6944444444444444,1.0,0.819672131147541,0.5802931494612174,66.9603736250001,
erdos_renyi,0.15,100,100000,5,16,RePaRe,RePaRe,0.6515151515151515,1.0,0.7889908256880734,0.5515584430842252,87.08064191700032,
erdos_renyi,0.15,100,100000,5,17,RePaRe,RePaRe,0.8,1.0,0.888888888888889,0.5754837537129908,28.716718791999934,
erdos_renyi,0.15,100,100000,5,18,RePaRe,RePaRe,1.0,1.0,1.0,0.5755408638386541,11.112017874999763,
erdos_renyi,0.15,100,100000,5,19,RePaRe,RePaRe,0.6,1.0,0.7499999999999999,0.6374442699784386,29.86771945800001,
erdos_renyi,0.15,200,100,5,0,RePaRe,RePaRe,1.0,1.0,1.0,0.0144885626846291,0.130844583036378,
erdos_renyi,0.15,200,100,5,1,RePaRe,RePaRe,1.0,1.0,1.0,0.003116824784068,0.0531828750390559,
erdos_renyi,0.15,200,100,5,2,RePaRe,RePaRe,0.5,0.5,0.5,0.002610222220219,0.0724314160179346,
erdos_renyi,0.15,200,100,5,3,RePaRe,RePaRe,1.0,0.0,0.0,0.1252448476357531,0.0778089578961953,
erdos_renyi,0.15,200,100,5,4,RePaRe,RePaRe,1.0,1.0,1.0,0.0432141177206647,0.0754987500840798,
erdos_renyi,0.15,200,100,5,5,RePaRe,RePaRe,0.8,1.0,0.888888888888889,-0.0019820890711797,0.1467538340948522,
erdos_renyi,0.15,200,100,5,6,RePaRe,RePaRe,1.0,1.0,1.0,-0.0008688119639006,0.0468136249110102,
erdos_renyi,0.15,200,100,5,7,RePaRe,RePaRe,0.3333333333333333,0.2,0.25,0.0633518081211819,0.0922767090378329,
erdos_renyi,0.15,200,100,5,8,RePaRe,RePaRe,0.7142857142857143,0.7142857142857143,0.7142857142857143,0.0005801379983535,0.1539913750020787,
erdos_renyi,0.15,200,100,5,9,RePaRe,RePaRe,0.875,0.7777777777777778,0.823529411764706,-0.0613038517701987,0.3505188330309465,
erdos_renyi,0.15,200,100,5,10,RePaRe,RePaRe,0.8333333333333334,0.5555555555555556,0.6666666666666667,0.002211600944047,0.1765747499885037,
erdos_renyi,0.15,200,100,5,11,RePaRe,RePaRe,0.6666666666666666,1.0,0.8,-0.023325264610991,0.1071489580208435,
erdos_renyi,0.15,200,100,5,12,RePaRe,RePaRe,1.0,1.0,1.0,-0.0218857345400658,0.1304625839693471,
erdos_renyi,0.15,200,100,5,13,RePaRe,RePaRe,1.0,0.6666666666666666,0.8,-0.0003473984952311,0.0768819589866325,
erdos_renyi,0.15,200,100,5,14,RePaRe,RePaRe,0.0,0.0,0.0,0.2201588389451656,0.1064543329412117,
erdos_renyi,0.15,200,100,5,15,RePaRe,RePaRe,0.6666666666666666,0.6666666666666666,0.6666666666666666,-0.0005566160999889,0.1015247500035911,
erdos_renyi,0.15,200,100,5,16,RePaRe,RePaRe,0.5333333333333333,0.8421052631578947,0.653061224489796,-0.0156578885420885,0.3016214160015806,
erdos_renyi,0.15,200,100,5,17,RePaRe,RePaRe,0.7,1.0,0.8235294117647058,0.0070726842564933,0.1388412909582257,
erdos_renyi,0.15,200,100,5,18,RePaRe,RePaRe,1.0,1.0,1.0,-1.5421899968628944e-05,0.0770433750003576,
erdos_renyi,0.15,200,100,5,19,RePaRe,RePaRe,0.75,1.0,0.8571428571428571,0.0114013222792707,0.1297616249648854,
erdos_renyi,0.15,200,1000,5,0,RePaRe,RePaRe,0.5555555555555556,0.9090909090909092,0.6896551724137931,0.0232987840861365,1.1228527911007404,
erdos_renyi,0.15,200,1000,5,1,RePaRe,RePaRe,0.5555555555555556,1.0,0.7142857142857143,-0.0485643921515497,0.7155199169646949,
erdos_renyi,0.15,200,1000,5,2,RePaRe,RePaRe,1.0,1.0,1.0,0.0003188955704492,0.3694402090040967,
erdos_renyi,0.15,200,1000,5,3,RePaRe,RePaRe,0.8,0.8,0.8000000000000002,0.2192140542734038,0.7082222501048818,
erdos_renyi,0.15,200,1000,5,4,RePaRe,RePaRe,0.625,1.0,0.7692307692307693,0.0933379215416379,0.9577041250886396,
erdos_renyi,0.15,200,1000,5,5,RePaRe,RePaRe,0.6666666666666666,0.75,0.7058823529411765,-0.0027712010564478,0.9096472079399972,
erdos_renyi,0.15,200,1000,5,6,RePaRe,RePaRe,0.5,0.8333333333333334,0.625,-0.0090619794394959,0.730003708973527,
erdos_renyi,0.15,200,1000,5,7,RePaRe,RePaRe,1.0,1.0,1.0,-0.0841273184756904,0.1169014169136062,
erdos_renyi,0.15,200,1000,5,8,RePaRe,RePaRe,0.7777777777777778,0.875,0.823529411764706,-0.0040926792246282,1.0025110830320043,
erdos_renyi,0.15,200,1000,5,9,RePaRe,RePaRe,0.7142857142857143,0.4166666666666667,0.5263157894736842,-0.0716008846954601,1.16025933297351,
erdos_renyi,0.15,200,1000,5,10,RePaRe,RePaRe,0.7142857142857143,0.7142857142857143,0.7142857142857143,0.004060710714769,0.9124768750043586,
erdos_renyi,0.15,200,1000,5,11,RePaRe,RePaRe,0.5,1.0,0.6666666666666666,-0.0126397624673642,0.2465760828927159,
erdos_renyi,0.15,200,1000,5,12,RePaRe,RePaRe,0.8571428571428571,0.8571428571428571,0.8571428571428571,-0.0303029350657062,1.0031317920656877,
erdos_renyi,0.15,200,1000,5,13,RePaRe,RePaRe,0.8333333333333334,1.0,0.9090909090909092,-0.0043906547062747,0.4532019590260461,
erdos_renyi,0.15,200,1000,5,14,RePaRe,RePaRe,0.4545454545454545,0.8333333333333334,0.5882352941176471,0.0569713563605728,0.6949166669510305,
erdos_renyi,0.15,200,1000,5,15,RePaRe,RePaRe,0.3,1.0,0.4615384615384615,0.0037473010553191,0.5112593750236556,
erdos_renyi,0.15,200,1000,5,16,RePaRe,RePaRe,0.5517241379310345,0.9411764705882352,0.6956521739130435,0.0636632295016406,1.1511558330385014,
erdos_renyi,0.15,200,1000,5,17,RePaRe,RePaRe,1.0,1.0,1.0,0.035277132527059,0.3597976249875501,
erdos_renyi,0.15,200,1000,5,18,RePaRe,RePaRe,1.0,1.0,1.0,0.0044443240394886,0.2375048750545829,
erdos_renyi,0.15,200,1000,5,19,RePaRe,RePaRe,0.5,0.5555555555555556,0.5263157894736842,0.0522482608704511,1.6226596659980714,
erdos_renyi,0.15,200,10000,5,0,RePaRe,RePaRe,0.4375,1.0,0.6086956521739131,-0.0431986834313659,8.548276833025739,
erdos_renyi,0.15,200,10000,5,1,RePaRe,RePaRe,0.5079365079365079,0.9696969696969696,0.6666666666666666,0.2068177722664923,10.202358459006064,
erdos_renyi,0.15,200,10000,5,2,RePaRe,RePaRe,1.0,1.0,1.0,0.0098777068361358,0.5373169170925394,
erdos_renyi,0.15,200,10000,5,3,RePaRe,RePaRe,0.3684210526315789,1.0,0.5384615384615384,-0.0249750536400585,4.358680667006411,
erdos_renyi,0.15,200,10000,5,4,RePaRe,RePaRe,0.3947368421052631,0.9375,0.5555555555555556,0.1120698067868568,9.909281832980923,
erdos_renyi,0.15,200,10000,5,5,RePaRe,RePaRe,0.4761904761904761,0.9090909090909092,0.6249999999999999,0.0587367560629679,9.06241612508893,
erdos_renyi,0.15,200,10000,5,6,RePaRe,RePaRe,0.2758620689655172,1.0,0.4324324324324324,-0.0140883441133306,7.590415084036067,
erdos_renyi,0.15,200,10000,5,7,RePaRe,RePaRe,0.4761904761904761,0.9090909090909092,0.6249999999999999,0.21172830799831,10.5158218749566,
erdos_renyi,0.15,200,10000,5,8,RePaRe,RePaRe,0.3,1.0,0.4615384615384615,0.0205098422517829,7.872203749953769,
erdos_renyi,0.15,200,10000,5,9,RePaRe,RePaRe,0.3333333333333333,0.6,0.4285714285714285,-0.1032048402641285,12.8970589999808,
erdos_renyi,0.15,200,10000,5,10,RePaRe,RePaRe,0.6666666666666666,1.0,0.8,-0.0243149020325578,5.030451750033535,
erdos_renyi,0.15,200,10000,5,11,RePaRe,RePaRe,0.4166666666666667,1.0,0.5882352941176471,-0.0434359954881373,4.774532458046451,
erdos_renyi,0.15,200,10000,5,12,RePaRe,RePaRe,0.3421052631578947,1.0,0.5098039215686275,-0.062059580996695,8.590284875012003,
erdos_renyi,0.15,200,10000,5,13,RePaRe,RePaRe,0.4285714285714285,1.0,0.6,-0.00535339009403,4.918615249916911,
erdos_renyi,0.15,200,10000,5,14,RePaRe,RePaRe,0.54,1.0,0.7012987012987013,0.3713625920781779,15.410642207949422,
erdos_renyi,0.15,200,10000,5,15,RePaRe,RePaRe,0.6666666666666666,1.0,0.8,0.0941462413900053,3.2820052499882877,
erdos_renyi,0.15,200,10000,5,16,RePaRe,RePaRe,0.4883720930232558,1.0,0.65625,0.0684055776891401,7.849025290925056,
erdos_renyi,0.15,200,10000,5,17,RePaRe,RePaRe,0.6,1.0,0.7499999999999999,0.0718944715607097,2.72469100006856,
erdos_renyi,0.15,200,10000,5,18,RePaRe,RePaRe,1.0,1.0,1.0,0.0459204335987973,1.4807602920336649,
erdos_renyi,0.15,200,10000,5,19,RePaRe,RePaRe,0.4117647058823529,0.7,0.5185185185185185,0.0625426972329259,5.880700959009118,
erdos_renyi,0.15,200,100000,5,0,RePaRe,RePaRe,0.3928571428571428,1.0,0.5641025641025641,0.2698671384858826,157.81513529099993,
erdos_renyi,0.15,200,100000,5,1,RePaRe,RePaRe,0.4615384615384615,1.0,0.631578947368421,0.3402602775319982,190.31075879199943,
erdos_renyi,0.15,200,100000,5,2,RePaRe,RePaRe,0.2727272727272727,1.0,0.4285714285714285,0.1665804515271491,123.6353716249996,
erdos_renyi,0.15,200,100000,5,3,RePaRe,RePaRe,0.5,1.0,0.6666666666666666,-0.0159321316847692,71.75772962500014,
erdos_renyi,0.15,200,100000,5,4,RePaRe,RePaRe,0.6428571428571429,1.0,0.782608695652174,0.0577977203589466,118.96282125000016,
erdos_renyi,0.15,200,100000,5,5,RePaRe,RePaRe,0.6,1.0,0.7499999999999999,0.1687340359708541,122.76573720899978,
erdos_renyi,0.15,200,100000,5,6,RePaRe,RePaRe,0.2045454545454545,1.0,0.339622641509434,0.1226797457575105,214.24239275000036,
erdos_renyi,0.15,200,100000,5,7,RePaRe,RePaRe,0.25,1.0,0.4,0.2972766478468492,118.07530366599984,
erdos_renyi,0.15,200,100000,5,8,RePaRe,RePaRe,0.3333333333333333,0.75,0.4615384615384615,0.1801914290380389,184.47792258400025,
erdos_renyi,0.15,200,100000,5,9,RePaRe,RePaRe,0.3142857142857143,0.7333333333333333,0.44,-0.0933431178174905,232.38053416599996,
erdos_renyi,0.15,200,100000,5,10,RePaRe,RePaRe,0.4347826086956521,1.0,0.6060606060606061,0.0225043562428239,114.92189591700026,
erdos_renyi,0.15,200,100000,5,11,RePaRe,RePaRe,0.2857142857142857,1.0,0.4444444444444445,-0.0372686536891574,95.55117700000028,
erdos_renyi,0.15,200,100000,5,12,RePaRe,RePaRe,0.4375,1.0,0.6086956521739131,-0.0356049681548693,123.9836756249997,
erdos_renyi,0.15,200,100000,5,13,RePaRe,RePaRe,0.2777777777777778,1.0,0.4347826086956522,0.1320818558985187,114.314676125,
erdos_renyi,0.15,200,100000,5,14,RePaRe,RePaRe,0.5714285714285714,1.0,0.7272727272727273,0.3834685349615334,194.1858613750001,
erdos_renyi,0.15,200,100000,5,15,RePaRe,RePaRe,0.5714285714285714,1.0,0.7272727272727273,0.1929615786498536,136.40136112500022,
erdos_renyi,0.15,200,100000,5,16,RePaRe,RePaRe,0.5,1.0,0.6666666666666666,0.3130178477331365,204.08606770799997,
erdos_renyi,0.15,200,100000,5,17,RePaRe,RePaRe,0.5714285714285714,1.0,0.7272727272727273,0.205974890470577,149.204785291,
erdos_renyi,0.15,200,100000,5,18,RePaRe,RePaRe,0.4761904761904761,1.0,0.6451612903225806,0.148333356701266,209.2217329590003,
erdos_renyi,0.15,200,100000,5,19,RePaRe,RePaRe,0.4285714285714285,1.0,0.6,0.1462604033912397,199.3233573750003,
